a;b;c;d;e
特番;2月12日;小沢真珠を土下座させろ;ドランクドラゴン、カンニング竹山、小沢真珠、眞鍋かをり、及川奈央、デヴィ夫人、石田純一、KABA.ちゃん;2005年
特番;2月12日;眞鍋かをりにキスしてもらえ;ドランクドラゴン、カンニング竹山、小沢真珠、眞鍋かをり、及川奈央、デヴィ夫人、石田純一、KABA.ちゃん;2005年
特番;2月12日;及川奈央のブラジャーをもらえ;ドランクドラゴン、カンニング竹山、小沢真珠、眞鍋かをり、及川奈央、デヴィ夫人、石田純一、KABA.ちゃん;2005年
特番;2月12日;デヴィ夫人に10万円借りろ;ドランクドラゴン、カンニング竹山、小沢真珠、眞鍋かをり、及川奈央、デヴィ夫人、石田純一、KABA.ちゃん;2005年
特番;2月12日;石田純一を泣かせろ;ドランクドラゴン、カンニング竹山、小沢真珠、眞鍋かをり、及川奈央、デヴィ夫人、石田純一、KABA.ちゃん;2005年
特番;2月12日;KABA.ちゃんに水1.5Lを飲ませろ;ドランクドラゴン、カンニング竹山、小沢真珠、眞鍋かをり、及川奈央、デヴィ夫人、石田純一、KABA.ちゃん;2005年
1;10月8日;小林恵美にキスしてもらえ;岡田圭右、小林恵美、レイザーラモンHG;2005年
1;10月8日;レイザーラモンHGを惚れさせろ（前編）;岡田圭右、小林恵美、レイザーラモンHG;2005年
2;10月15日;レイザーラモンHGを惚れさせろ（後編）;岡田圭右、今田耕司、レイザーラモンHG、大橋未歩;2005年
2;10月15日;大橋アナにキスしてもらえ;岡田圭右、今田耕司、レイザーラモンHG、大橋未歩;2005年
3;10月22日;みさきゆうの体を3ヶ所なめろ;出川哲朗、みさきゆう、ボビー・オロゴン;2005年
3;10月22日;ボビー・オロゴンを泣かせろ（前編）;出川哲朗、みさきゆう、ボビー・オロゴン;2005年
4;10月29日;ボビー・オロゴンを泣かせろ（後編）;出川哲朗、ボビー・オロゴン、蒼井そら;2005年
4;10月29日;蒼井そらに愛のあるキスをしてもらえ;出川哲朗、ボビー・オロゴン、蒼井そら;2005年
5;11月5日;ほしのあきの胸に顔を埋めろ;山崎邦正、出川哲朗、ほしのあき、徳光和夫;2005年
5;11月5日;徳光和夫に阪神のハッピを着させろ（前編）;山崎邦正、出川哲朗、ほしのあき、徳光和夫;2005年
6;11月12日;及川奈央のパンティーをもらえ;岡田圭右、出川哲朗、及川奈央、徳光和夫;2005年
6;11月12日;徳光和夫に阪神のハッピを着させろ（後編）;岡田圭右、出川哲朗、及川奈央、徳光和夫;2005年
7;11月19日;山上兄弟を寝かしつけろ;スピードワゴン、山崎邦正、山上兄弟、坂下千里子;2005年
7;11月19日;坂下千里子を泣かせろ;スピードワゴン、山崎邦正、山上兄弟、坂下千里子;2005年
8;11月25日;煩悩ガールズを3人辞めさせろ;スピードワゴン、煩悩ガールズ;2005年
9;12月3日;西川史子にキスしてもらえ;アンジャッシュ、スピードワゴン、西川史子、角田信朗;2005年
9;12月3日;角田信朗に3ヶ所ケリを入れろ（前編）;アンジャッシュ、スピードワゴン、西川史子、角田信朗;2005年
10;12月10日;くまきりあさ美にキスしてもらえ;アンジャッシュ、スピードワゴン、くまきりあさ美、角田信朗;2005年
10;12月10日;角田信朗に3ヶ所ケリを入れろ（後編）;アンジャッシュ、スピードワゴン、くまきりあさ美、角田信朗;2005年
11;12月16日;第1回神様対抗キス我慢選手権（前編）;バナナマン、みひろ;2005年
12;12月24日;第1回神様対抗キス我慢選手権（後編）;バナナマン、みひろ、かすみ果穂、東京03;2005年
12;12月24日;前代未聞の大トラブル 撮ったロケが流れない;バナナマン、みひろ、かすみ果穂、東京03;2005年
SP;1月5日;THE GODTONGUE カッコイイ列伝;遠藤憲一、半田健人、ハチミツ二郎（東京ダイナマイト）、小沢一敬（スピードワゴン）、バナナマン;2007年
SP;1月5日;小木博明の口喧嘩ドライブ;相澤仁美、岩佐真悠子;2007年
SP;1月5日;第2回キス我慢選手権リターンズ;バナナマン、みひろ、穂花、成松慶彦;2007年
1;4月12日;番組スタート祝いのキスを奪えるか!?;眞鍋かをり、蒼井そら、くまきりあさ美;2007年
2;4月19日;妹分オーディション 小木に服を売りつけろ!;柳原可奈子;2007年
3;4月26日;劇団ひとりvs品川祐 芸人小説家ナンバーワンはオレだ!;品川庄司;2007年
4;5月3日;第1回芸人マジ歌選手権;バナナマン、東京03、山田五郎、真矢、奈津子、亜希子、滝井礼乃;2007年
5;5月10日;第1回アイドルの恩返し;佐藤寛子、相澤仁美;2007年
6;5月17日;石原真理子と武勇伝を作れ!;石原真理子;2007年
7;5月31日;くまきりあさ美、矢作兼と最後のキス;くまきりあさ美;2007年
8;6月7日;エンジェルミッションのコーナー;柳原可奈子、バナナマン;2007年
8;6月7日;第2回アイドルの恩返し;相澤仁美;2007年
9;6月14日;ストレス発散させまSHOW;日村勇紀（バナナマン）、山本モナ;2007年
9;6月14日;小木博明の口喧嘩ドライブ;星野真里;2007年
10;6月21日;仲直りフレンドパーク;岩佐真悠子;2007年
11;6月28日;第2回芸人マジ歌選手権;バナナマン、東京03、ケンドーコバヤシ、松崎しげる、スザンヌ;2007年
12;7月5日;小木博明の口喧嘩ドライブ;スザンヌ;2007年
13;7月12日;ゲストに大きな声を出させよう;インパルス、小杉竜一（ブラックマヨネーズ）、磯山さやか;2007年
14;7月19日;DVD発売記念!アイドルのおっぱいを見せてもらおう;小林恵美、大沢あかね、相澤仁美;2007年
15;7月26日;カリスマリサイクルショップ可奈子;柳原可奈子、夏帆;2007年
16;8月2日;カリスマリサイクルショップ可奈子;柳原可奈子、夏帆、杉浦太陽、カンニング竹山;2007年
17;8月9日;第1回ラブストーリー王決定戦;カンニング竹山、ケンドーコバヤシ、三津谷葉子;2007年
18;8月16日;私と紅茶とゴッドタン;-;2007年
19;8月23日;第3回キス我慢選手権;バナナマン、山里亮太（南海キャンディーズ）、春咲あずみ、西野翔、かすみ果穂、みひろ、成松慶彦;2007年
20;8月30日;第3回キス我慢選手権;バナナマン、山里亮太（南海キャンディーズ）、春咲あずみ、西野翔、かすみ果穂、みひろ、成松慶彦;2007年
21;9月6日;第3回キス我慢選手権;バナナマン、山里亮太（南海キャンディーズ）、春咲あずみ、西野翔、かすみ果穂、みひろ、成松慶彦;2007年
22;9月13日;第3回芸人マジ歌選手権;バナナマン、東京03、ケンドーコバヤシ、香田晋、堀田ゆい夏;2007年
23;9月20日;第3回芸人マジ歌選手権;バナナマン、東京03、ケンドーコバヤシ、香田晋、堀田ゆい夏;2007年
24;9月27日;合いの手オーディション;堀田ゆい夏、スザンヌ、前田海嘉、相澤仁美;2007年
25;10月4日;小木博明の口喧嘩ドライブ;美保純;2007年
26;10月11日;第1回ヒドイ女サミット;小沢一敬（スピードワゴン）、堤下敦（インパルス）、相澤仁美、前田海嘉;2007年
27;10月18日;第2回ヒドイ女サミット;設楽統（バナナマン）、ケンドーコバヤシ、森下千里;2007年
28;11月1日;第2回ラブストーリー王決定戦;小沢一敬（スピードワゴン）、ケンドーコバヤシ、鮎河ナオミ、前田海嘉;2007年
29;11月8日;第2回ラブストーリー王決定戦;小沢一敬（スピードワゴン）、ケンドーコバヤシ、鮎河ナオミ、前田海嘉;2007年
30;11月15日;マジ歌リクエスト大会（前編）;バナナマン、東京03、ケンドーコバヤシ、倉科カナ;2007年
30;11月15日;松丸友紀26歳 はじめてのドッキリ;-;2007年
31;11月22日;マジ歌リクエスト大会（後編）;バナナマン、東京03、ケンドーコバヤシ、倉科カナ;2007年
32;11月29日;アイドルは愛嬌選手権;バナナマン、高部あい、鹿谷弥生、優木まおみ、AKB48;2007年
33;12月6日;アイドルは愛嬌選手権;バナナマン、高部あい、鹿谷弥生、優木まおみ、AKB48;2007年
34;12月13日;DVD発売記念!アイドルのおっぱいを見せてもらおう;森下悠里、小林恵美、相澤仁美;2007年
35;12月20日;第3回ヒドイ女サミット 〜ドイヒー・オブ・ザ・イヤー2007〜;小沢一敬（スピードワゴン）、山里亮太（南海キャンディーズ）、原幹恵;2007年
36;1月17日;私とパジャマとゴッドタン;-;2008年
37;1月24日;第4回芸人マジ歌選手権;バナナマン、東京03、ケンドーコバヤシ、友近、半田健人、小阪由佳;2008年
38;1月31日;第4回芸人マジ歌選手権;バナナマン、東京03、ケンドーコバヤシ、友近、半田健人、小阪由佳;2008年
39;2月7日;日村理解王選手権;バナナマン、松嶋初音;2008年
40;2月14日;キモンスターズ・チャンプ;バナナマン、ハイキングウォーキング;2008年
41;2月21日;キモンスターズ・チャンプ ファイナルラウンド;バナナマン、ハイキングウォーキング;2008年
41;2月21日;小木博明のテンション下げたら罰金ドライブ;-;2008年
42;3月6日;第1回矢作の相方オーディション;小阪由佳、愛川ゆず季、風子、辰巳奈都子;2008年
43;3月13日;第1回矢作の相方オーディション;小阪由佳、愛川ゆず季、風子、辰巳奈都子;2008年
44;3月20日;第4回ヒドイ女サミット;ブラックマヨネーズ、優木まおみ;2008年
45;3月27日;恋する放課後〜アイツ、私のこと好きかも;森三中、相澤仁美;2008年
46;4月3日;恋する放課後〜アイツ、私のこと好きかも;森三中、相澤仁美、東京03、みひろ;2008年
46;4月3日;過激すぎてお蔵入り!未公開映像大放出スペシャル;バナナマン、相澤仁美;2008年
47;4月10日;山里理解王選手権;バナナマン、山里亮太（南海キャンディーズ）、小阪由佳、西野翔;2008年
48;4月17日;第1回カエオケフレーズクイズ;バナナマン、小倉優子、角田晃広（東京03）;2008年
49;4月24日;あるあるネタ301検証;360°モンキーズ、麦芽、ピーナッツパン、とーどーゆーた、ニッケルバック;2008年
50;5月1日;第2回カエオケフレーズクイズ;バナナマン、磯山さやか、角田晃広（東京03）;2008年
51;5月8日;IP抗争（相澤vs風子）;バナナマン、相澤仁美、風子;2008年
52;5月15日;第1回ドジ芝居でアピール合戦;バナナマン、品川庄司、亜希子;2008年
53;5月22日;第3回カエオケフレーズクイズ;バナナマン、優木まおみ、角田晃広（東京03）;2008年
54;5月29日;第5回ヒドイ女サミット;渡部建（アンジャッシュ）、有吉弘行、辰巳奈都子;2008年
55;6月5日;女に言ってほしいセリフ会議;インパルス、優木まおみ;2008年
56;6月12日;芸能界ストイック暗記王;バナナマン、堤下敦（インパルス）、田中涼子、村岡沙耶香、深澤ゆうき、浅田ほのか、未来、石井かおり、ゆずき、深水あかね;2008年
57;6月19日;第2回ドジ芝居でアピール合戦;バナナマン、山里亮太（南海キャンディーズ）、カンニング竹山、あびる優、庄司智春（品川庄司）;2008年
58;6月26日;第2回ドジ芝居でアピール合戦;バナナマン、山里亮太（南海キャンディーズ）、カンニング竹山、あびる優、庄司智春（品川庄司）;2008年
59;7月3日;芸能界ストイック暗記王2;黄川田将也、井戸田潤（スピードワゴン）、有吉弘行、田中涼子、村岡沙耶香、深澤ゆうき、未来、浅田ほのか、石井かおり、ゆずき、深水あかね;2008年
60;7月10日;第6回ヒドイ女サミット;板倉俊之（インパルス）、山里亮太（南海キャンディーズ）、佐野夏芽;2008年
61;7月17日;第4回キス我慢選手権前夜祭 キス我慢ゼミナール;設楽統（バナナマン）;2008年
62;7月31日;第4回キス我慢選手権;バナナマン、小杉竜一（ブラックマヨネーズ）、山里亮太（南海キャンディーズ）、イジリー岡田、大沢佑香（晶エリー、新井エリー）、希志あいの、Ami、みづなれい、長澤つぐみ、みひろ、成松慶彦;2008年
63;8月7日;第4回キス我慢選手権;バナナマン、小杉竜一（ブラックマヨネーズ）、山里亮太（南海キャンディーズ）、イジリー岡田、大沢佑香（晶エリー、新井エリー）、希志あいの、Ami、みづなれい、長澤つぐみ、みひろ、成松慶彦;2008年
64;8月14日;第4回キス我慢選手権;バナナマン、小杉竜一（ブラックマヨネーズ）、山里亮太（南海キャンディーズ）、イジリー岡田、大沢佑香（晶エリー、新井エリー）、希志あいの、Ami、みづなれい、長澤つぐみ、みひろ、成松慶彦;2008年
65;8月21日;第4回キス我慢選手権;バナナマン、小杉竜一（ブラックマヨネーズ）、山里亮太（南海キャンディーズ）、イジリー岡田、大沢佑香（晶エリー、新井エリー）、希志あいの、Ami、みづなれい、長澤つぐみ、みひろ、成松慶彦;2008年
66;8月28日;キモンスターズ・チャンプ2;バナナマン、オードリー;2008年
67;9月4日;第4回カエオケフレーズクイズ;バナナマン、小阪由佳、角田晃広（東京03）;2008年
68;9月11日;第1回M女オーディション;有吉弘行、佐野夏芽、華彩なな、アヤカ・ウィルソン;2008年
69;9月18日;第2回M女オーディション;有吉弘行、原幹恵、佐藤唯、アヤカ・ウィルソン;2008年
70;9月25日;ヒドイ女サミット 禁断の未公開SP;-;2008年
71;10月2日;タイトルロゴリニューアル!緊急オープニングトーク;-;2008年
72;10月9日;地元エピソードキング;品川庄司、TKO;2008年
73;10月16日;DVD発売記念!アイドルのおっぱいを見せてもらおう;バナナマン、優木まおみ、手島優、相澤仁美;2008年
74;10月23日;DVD発売記念!アイドルのおっぱいを見せてもらおう;バナナマン、優木まおみ、手島優、相澤仁美;2008年
75;10月30日;話し合えば何でも出来る!机上の空論;バナナマン、ジョイマン;2008年
75;10月30日;ゴッドタングッズ発売記念情報;バナナマン;2008年
76;11月6日;芸能界ストイック暗記王3;バナナマン、有吉弘行、田中涼子、深澤ゆうき、黒澤佐知子;2008年
77;11月13日;第3回M女オーディション;有吉弘行、次原かな、辰巳奈都子;2008年
78;11月20日;芸能界ストイック暗記王4;バナナマン、小島よしお、田中涼子、深澤ゆうき、黒澤佐知子、桜木凛;2008年
79;11月27日;飲み会のノリと勢いだけで番組を成立させよう!;黒沢かずこ（森三中）、キングオブコメディ、青島あきな;2008年
80;12月4日;ケンコバ&日村の女友達になりたい人いらっしゃ〜い;バナナマン、ケンドーコバヤシ、秋元玲奈、美月あかり、高瀬みさき;2008年
81;12月11日;芸能界ストイック暗記王5;はんにゃ、田中卓志（アンガールズ）、深澤ゆうき、藤井梨花、村岡沙耶香、初音みのり;2008年
82;12月18日;地元エピソードキング2;スピードワゴン、サバンナ;2008年
83;12月25日;クリスマス・イブ特別企画 クリスマスソングを作ろう;日村勇紀（バナナマン）、角田晃広（東京03）、原幹恵;2008年
84;1月3日;新春キス我慢特別編 雑ガマン選手権;日村勇紀（バナナマン）、はんにゃ、狩野英孝、サンドウィッチマン、春咲あずみ、麻美ゆま、明日花キララ;2009年
84;1月3日;第5回芸人マジ歌選手権 新春スペシャル;バナナマン、東京03、秋山竜次（ロバート）、ケンドーコバヤシ、香田晋、上原美優、有吉弘行;2009年
85;1月8日;放送コードギリギリ解禁未公開SP;-;2009年
86;1月15日;第2回飲み会のノリと勢いだけで番組を成立させよう!;日村勇紀（バナナマン）、角田晃広（東京03）、松本亜希、秋山竜次（ロバート）;2009年
87;1月22日;第4回M女オーディション;有吉弘行、大友さゆり、谷桃子;2009年
88;1月29日;地元エピソードキング3;スピードワゴン、サバンナ;2009年
89;2月5日;旬芸人キス我慢 未公開スペシャル;日村勇紀（バナナマン）、はんにゃ、狩野英孝、サンドウィッチマン、春咲あずみ、麻美ゆま、明日花キララ;2009年
90;2月12日;芸能界ストイック暗記王6;TKO、ナイツ、深澤ゆうき、田中涼子、藤井梨花、原紗央莉、はなわ;2009年
91;2月19日;第5回M女オーディション;有吉弘行、児玉菜々子、松本さゆき;2009年
92;3月5日;準レギュラー争奪 サバイバルオーディション;相澤仁美、青島あきな、大友さゆり;2009年
93;3月12日;第7回ヒドイ女サミット;井戸田潤（スピードワゴン）、狩野英孝、杉本有美;2009年
94;3月19日;第1回非・吉本芸人 団体芸サミット;バナナマン、オードリー、キングオブコメディ、小島よしお;2009年
95;3月26日;第1回非・吉本芸人 団体芸サミット;バナナマン、オードリー、キングオブコメディ、小島よしお;2009年
96;4月2日;劇団ひとり ひどいじゃない裁判;バナナマン、大沢あかね、みひろ;2009年
97;4月9日;DVD2巻同時発売記念!アイドルのおっぱいを見せてもらおう!!;バナナマン、手島優、次原かな、大竹一樹（さまぁ〜ず）;2009年
98;4月16日;第2回非・吉本芸人 団体芸サミット（前編）;バナナマン、オードリー、キングオブコメディ、小島よしお;2009年
99;4月23日;マジ歌シンガー CDデビューへの道;バナナマン、東京03;2009年
99;4月23日;第2回非・吉本芸人 団体芸サミット（後編）;バナナマン、オードリー、キングオブコメディ、小島よしお;2009年
100;5月7日;第6回M女オーディション;有吉弘行、田代さやか;2009年
100;5月7日;東京03角田晃広 マジ歌CDデビューへの道;バナナマン、東京03;2009年
101;5月14日;仲直りフレンドパーク2;有吉弘行、谷桃子;2009年
102;5月21日;祝!ゴッドタン100回記念パーティー;相澤仁美、橘麗美;2009年
102;5月21日;DVD2枚同時発売記念 ローソンでDVDをPRしよう!;角田晃広（東京03）;2009年
103;5月28日;第3回非・吉本芸人 団体芸サミット;バナナマン、オードリー、キングオブコメディ、アンガールズ;2009年
104;6月4日;芸能界ストイック暗記王7;庄司智春（品川庄司）、スピードワゴン、秋山竜次（ロバート）、深澤ゆうき、田中涼子、藤井梨花、藤井シェリー;2009年
105;6月11日;芸能界ストイック暗記王7;庄司智春（品川庄司）、スピードワゴン、秋山竜次（ロバート）、深澤ゆうき、田中涼子、藤井梨花、藤井シェリー;2009年
106;6月18日;マジ歌DVD発売記念 角ちゃんモテモテ大作戦;角田晃広（東京03）、鎌田奈津美、西内裕美;2009年
107;6月22日;第6回芸人マジ歌選手権;バナナマン、東京03、秋山竜次（ロバート）、大島美幸・黒沢かずこ（森三中）、香田晋、上原美優、有吉弘行;2009年
108;6月25日;アメトーーク出演 緊急反省会!!;-;2009年
108;6月25日;第4回非・吉本芸人 団体芸サミット;バナナマン、オードリー、アンガールズ、キングオブコメディ;2009年
109;7月9日;調子が良い時こそ気を引き締めよう!ゴッドタン緊急反省会;折原みか;2009年
109;7月9日;完全未公開!マジ歌シンガーの舞台裏;-;2009年
110;7月16日;第1回ドスベリサミット;サバンナ、辰巳奈都子;2009年
111;7月23日;今後使いたいのは誰だ!?ヒム子のアイドル性格チェック;バナナマン、木口亜矢、さとう里香;2009年
112;7月30日;2週ぶちぬき!まさかのマジ歌ライブ;NA;2009年
113;8月6日;2週ぶちぬき!まさかのマジ歌ライブ;NA;2009年
114;8月13日;キモンスターズ・チャンプ3;バナナマン、オードリー;2009年
115;8月20日;ザ・大声クイズ;インパルス、佐野夏芽;2009年
116;8月27日;第2回ドスベリサミット;有吉弘行、後藤輝基（フットボールアワー）、次原かな;2009年
117;9月3日;芸能界ストイック暗記王8;響、ハリセンボン、キングオブコメディ、深澤ゆうき、田中涼子、藤井梨花、原紗央莉;2009年
118;9月10日;芸能界ストイック暗記王8;響、ハリセンボン、キングオブコメディ、深澤ゆうき、田中涼子、藤井梨花、原紗央莉;2009年
119;9月24日;今後使いたいのは誰だ!?ヒム子のアイドル性格チェック;バナナマン、加藤沙耶香;2009年
120;10月1日;角ちゃんCDデビュー&東京03コント日本一おめでとう記念!アイドルにおっぱいを見せてもらおう!;バナナマン、東京03、杉麻李沙、手島優、辰巳奈都子;2009年
121;10月8日;角ちゃんCDデビュー&東京03コント日本一おめでとう記念!アイドルにおっぱいを見せてもらおう!;バナナマン、東京03、杉麻李沙、手島優、辰巳奈都子;2009年
122;10月15日;ザ・大声クイズ2;オードリー、浜田ブリトニー;2009年
123;10月22日;第1回谷桃子王決定戦;有吉弘行、後藤輝基（フットボールアワー）、谷桃子;2009年
124;10月29日;東京03の使い方発表会;バナナマン、東京03;2009年
125;11月5日;今後使いたいのは誰だ!?ヒム子のアイドル性格チェック;バナナマン、西舘さをり;2009年
126;11月12日;第3回ドスベリサミット;U字工事、大島美幸（森三中）、折山みゆ;2009年
127;11月19日;ザ・大声クイズ3;ブラックマヨネーズ、愛川ゆず季;2009年
128;11月26日;ゴッドタン アイドルお宝映像GP;-;2009年
129;12月3日;第2回谷桃子王決定戦;有吉弘行、伊達みきお（サンドウィッチマン）、谷桃子;2009年
130;12月10日;第8回ヒドイ女サミット;島田秀平、山里亮太（南海キャンディーズ）、さとう里香;2009年
131;12月17日;大告白忘年会;バナナマン;2009年
132;12月24日;第5回キス我慢選手権ファイナル（前編）;バナナマン、東京03、濱口優（よゐこ）、瑠川リナ、天海つばさ;2009年
133;1月4日;第5回キス我慢選手権ファイナル（後編）;バナナマン、東京03、後藤輝基（フットボールアワー）、横山美雪、藤浦めぐ、並木優、みひろ、成松慶彦、入江雅人、みのすけ;2010年
134;1月7日;第1回松丸プロデュース王決定戦;バナナマン;2010年
135;1月14日;第1回エロ哀しい話座談会;小沢一敬（スピードワゴン）;2010年
136;1月21日;今後使いたいのは誰だ!?ヒム子のアイドル性格チェック;バナナマン、一戸愛子;2010年
137;1月28日;DVD発売&SP大成功記念緊急企画 雑ガマン選手権;バナナマン、東京03、栗林里莉、石橋ゆう子;2010年
138;2月4日;チャーハン具材ドラフト会議;バナナマン;2010年
139;2月11日;芸能界ストイック暗記王9;オードリー、ロザン、大島美幸（森三中）、深澤ゆうき、田中涼子、藤井梨花、折山みゆ、米田弥央;2010年
140;2月18日;芸能界ストイック暗記王9;オードリー、ロザン、大島美幸（森三中）、深澤ゆうき、田中涼子、藤井梨花、折山みゆ、米田弥央;2010年
141;2月25日;今後使いたいのは誰だ!?ヒム子のアイドル性格チェック;バナナマン、ローラ;2010年
142;3月4日;第4回ドスベリサミット;島田秀平、渡部建（アンジャッシュ）、西舘さをり;2010年
143;3月11日;DVD発売記念シークレットライブ;-;2010年
144;3月18日;第1回タニームマッチ2010;オリエンタルラジオ、谷桃子;2010年
145;3月25日;超危険VTRスペシャル;-;2010年
145;3月25日;芸能界視聴率キング;蛭子能収、八田亜矢子;2010年
146;4月1日;もう一度みたい!キャラクターランキング;-;2010年
147;4月8日;第9回ヒドイ女サミット;カンニング竹山、ロザン、西田麻衣;2010年
148;4月15日;東京ドスベリサミット;バナナマン、バカリズム、オードリー、東京03;2010年
149;4月22日;東京ドスベリサミット;バナナマン、バカリズム、オードリー、東京03;2010年
150;4月29日;ザ・大声クイズ4;山里亮太（南海キャンディーズ）、鈴木拓（ドランクドラゴン）、西舘さをり;2010年
151;5月6日;松丸たるんでんじゃないの裁判;ハリセンボン;2010年
152;5月13日;第2回エロ哀しい話座談会;小沢一敬（スピードワゴン）、山里亮太（南海キャンディーズ）;2010年
153;5月20日;パスタの具材ドラフト会議;バナナマン、上原美優;2010年
154;5月27日;第1回カマデミー賞;バナナマン、小沢一敬（スピードワゴン）、今野浩喜（キングオブコメディ）;2010年
155;6月3日;第1回芸能界キレ女塾;バカリズム、吉木りさ;2010年
156;6月10日;ヒドイ女サミット+αスペシャル;-;2010年
157;6月17日;芸能界ストイック暗記王10;東野幸治、オードリー、深澤ゆうき、田中涼子、藤井梨花、横山美雪、キュートン、米田弥央;2010年
158;6月24日;芸能界ストイック暗記王10;東野幸治、オードリー、深澤ゆうき、田中涼子、藤井梨花、横山美雪、キュートン、米田弥央;2010年
159;7月1日;第2回芸能界キレ女塾;バカリズム、小栗あずき;2010年
160;7月8日;第1回小木学会;バナナマン、児嶋一哉（アンジャッシュ）;2010年
161;7月15日;第2回タニームマッチ2010;山里亮太（南海キャンディーズ）、谷桃子;2010年
162;7月22日;第1回芸人ラジオサミット;バナナマン、サンドウィッチマン;2010年
163;7月29日;第7回芸人マジ歌選手権 前夜祭;-;2010年
164;7月29日;第7回芸人マジ歌選手権;バナナマン、東京03、秋山竜次（ロバート）、大島美幸・黒沢かずこ（森三中）、野性爆弾、香田晋、小倉優子、伊達みきお（サンドウィッチマン）;2010年
165;8月5日;第7回芸人マジ歌選手権 完全版SP;バナナマン、東京03、秋山竜次（ロバート）、大島美幸・黒沢かずこ（森三中）、野性爆弾、香田晋、小倉優子、伊達みきお（サンドウィッチマン）;2010年
166;8月12日;キモンスターズチャンプ4;バナナマン、カリカ;2010年
167;8月19日;仲直りフレンドパーク3;鈴木拓（ドランクドラゴン）、山里亮太（南海キャンディーズ）、深澤ゆうき;2010年
168;8月26日;第3回芸能界キレ女塾;バカリズム、小林さり;2010年
169;9月2日;第1回ゲーセワニュース;久田将義、吉田豪;2010年
170;9月9日;DVD発売記念!アイドルのおっぱいを見せてもらおう!;バナナマン、島田秀平、吉木りさ、杉原杏璃、手島優;2010年
171;9月16日;DVD発売記念!アイドルのおっぱいを見せてもらおう!;バナナマン、島田秀平、吉木りさ、杉原杏璃、手島優;2010年
172;9月23日;第4回芸能界キレ女塾;バカリズム、佐山彩香;2010年
173;9月30日;第2回芸人ラジオサミット;オードリー、渡部建（アンジャッシュ）;2010年
174;10月7日;第2回ゲーセワニュース;久田将義、吉田豪、小塩隆之;2010年
175;10月14日;ザ・大声クイズ5 カラんだ事ない芸人SP;ハライチ、パンクブーブー、西舘さをり;2010年
176;10月21日;怒りオネェ;バナナマン、杉原杏璃;2010年
177;10月28日;第2回松丸プロデュース王決定戦;設楽統（バナナマン）;2010年
178;11月4日;ねるとん谷鯨団;谷桃子、カンニング竹山;2010年
179;11月11日;第3回ゲーセワニュース;久田将義、吉田豪;2010年
180;11月18日;第1回勝手に新曲発表会;バナナマン、東京03、大地洋輔（ダイノジ）、デビテツヤ;2010年
181;11月25日;第1回勝手に新曲発表会;バナナマン、東京03、大地洋輔（ダイノジ）、デビテツヤ;2010年
182;12月2日;キングオブコメディの使い方発表会;バナナマン、東京03、キングオブコメディ、石橋ゆう子;2010年
183;12月9日;怒りオネェ2;バナナマン、辰巳奈都子;2010年
184;12月16日;ザ・大声クイズ6;アンガールズ、杉ありさ;2010年
185;12月23日;聖なる夜にエロ哀しい話座談会;小沢一敬（スピードワゴン）、澤部佑（ハライチ）、西舘さをり;2010年
186;1月3日;第8回芸人マジ歌選手権;バナナマン、東京03、秋山竜次（ロバート）、大地洋輔（ダイノジ）、山里亮太（南海キャンディーズ）、渡部建（アンジャッシュ）、森山直太朗、クリス松村、重盛さと美;2011年
187;1月6日;第8回芸人マジ歌選手権 完全版SP;バナナマン、東京03、秋山竜次（ロバート）、大地洋輔（ダイノジ）、山里亮太（南海キャンディーズ）、渡部建（アンジャッシュ）、森山直太朗、クリス松村、重盛さと美;2011年
188;1月13日;第10回ヒドイ女サミット;山里亮太（南海キャンディーズ）、吉村崇（平成ノブシコブシ）、吉木りさ;2011年
189;1月20日;第5回芸能界キレ女塾;バカリズム、高松美里;2011年
190;1月27日;気をそらせ隊 新メンバーオーディション;深澤ゆうき、田中涼子、南まりか、西舘さをり;2011年
191;2月3日;誰も教えてくれない授業;我が家、村山ひとし、吉木りさ;2011年
192;2月10日;怒りオネェ3;バナナマン、カンニング竹山、栗山夢衣、及川奈央、伊藤隆行;2011年
193;2月17日;悪ふざけアウトテイク傑作選;-;2011年
194;2月24日;キモンスターズオーディション;バナナマン、スリムクラブ、サンドウィッチマン、キングオブコメディ;2011年
195;3月3日;第6回芸能界キレ女塾;バカリズム、綱島恵里香;2011年
196;3月10日;第1回照れカワ芸人更生プログラム;オードリー、山里亮太（南海キャンディーズ）、スマイレージ、爆乳ヤンキー（手島優、MAO、北条まみ）、西舘さをり;2011年
197;3月24日;DVD発売記念 マジ歌ランキング;-;2011年
198;3月31日;ザ・大声クイズ7;後藤輝基（フットボールアワー）、鈴木拓（ドランクドラゴン）、辰巳奈都子;2011年
199;4月7日;第1回カッコイイサミット;ダイノジ;2011年
200;4月14日;怒りオネェ4;バナナマン、クリス松村;2011年
201;4月21日;マジ歌フェスティバルSP;バナナマン、東京03、秋山竜次（ロバート）、大地洋輔（ダイノジ）、大島美幸・黒沢かずこ（森三中）、深澤ゆうき、田中涼子、藤井梨花、谷桃子;2011年
202;4月28日;第4回ゲーセワニュース;久田将義、吉田豪;2011年
203;5月5日;200回記念!ゴッドタンを彩った女神たち;-;2011年
204;5月19日;見切り発車情報ステーション;重盛さと美、春名風花、ヨシナガ、下関マグロ;2011年
205;5月26日;第2回照れカワ芸人更生プログラム;オードリー、山里亮太（南海キャンディーズ）、ももいろクローバーZ、爆乳三国志（手島優、MAO、北条まみ）、中野腐女シスターズ、成松慶彦;2011年
206;6月2日;第2回照れカワ芸人更生プログラム;オードリー、山里亮太（南海キャンディーズ）、ももいろクローバーZ、爆乳三国志（手島優、MAO、北条まみ）、中野腐女シスターズ、成松慶彦;2011年
207;6月9日;マジギライ1/5;山口沙紀、丸高愛実、今野杏南、井上あやね、あいな;2011年
208;6月16日;マジギライ1/6;田中卓志（アンガールズ）、吉田桃子、疋田紗也、さな、小谷津友里、愛乃なな、あいな;2011年
209;6月23日;第2回カッコイイサミット;バナナマン、秋山竜次（ロバート）;2011年
210;6月30日;DVD大ヒット御礼 おっぱいを見せてもらおう;アンガールズ、藤森慎吾（オリエンタルラジオ）、松本さゆき、南まりか、栗山夢衣;2011年
211;7月7日;DVD大ヒット御礼 おっぱいを見せてもらおう;アンガールズ、藤森慎吾（オリエンタルラジオ）、松本さゆき、南まりか、栗山夢衣;2011年
212;7月14日;マジギライ1/5;後藤輝基（フットボールアワー）、山中絢子、植田早紀、馬越幸子、池端玲名、あいな;2011年
213;7月28日;未公開映像流失SP;-;2011年
214;8月4日;キス我慢選手権 ルーキー大会;バナナマン、ハライチ、平成ノブシコブシ、成瀬心美、加藤リナ、オレノグラフティ;2011年
215;8月11日;キス我慢選手権 ルーキー大会;バナナマン、ハライチ、平成ノブシコブシ、成瀬心美、加藤リナ、オレノグラフティ;2011年
216;8月18日;マジギライ1/5;児嶋一哉（アンジャッシュ）、高木あずさ、三樹レイカ、高橋亜由美、黒澤唯、あいな;2011年
217;8月25日;芸能界ストイック暗記王11;ロッチ、スリムクラブ、深澤ゆうき、田中涼子、柏木美里、優希まこと、田中伸彦、安藤遥、劇団ハイバイ;2011年
218;9月1日;芸能界ストイック暗記王11;ロッチ、スリムクラブ、深澤ゆうき、田中涼子、柏木美里、優希まこと、田中伸彦、安藤遥、劇団ハイバイ;2011年
219;9月8日;ホンマ堪忍な!後藤の幸子に嫌われ大作戦;後藤輝基（フットボールアワー）、馬越幸子;2011年
220;9月15日;若林vs春日 オードリー照れカワ3番勝負;オードリー、丸高愛実、深澤ゆうき、谷桃子;2011年
221;9月22日;ザ・大声クイズ8;柴田英嗣（アンタッチャブル）、日村勇紀（バナナマン）、西舘さをり;2011年
222;9月29日;水曜枠撤退スペシャル;バナナマン、相内優香;2011年
223;10月1日;第9回芸人マジ歌選手権;バナナマン、東京03、秋山竜次（ロバート）、大地洋輔（ダイノジ）、大島美幸・黒沢かずこ（森三中）、後藤輝基（フットボールアワー）、有吉弘行、ダイアモンド☆ユカイ、小倉優子、秋元玲奈;2011年
224;10月2日;第9回芸人マジ歌選手権 完全版SP;バナナマン、東京03、秋山竜次（ロバート）、大地洋輔（ダイノジ）、大島美幸・黒沢かずこ（森三中）、後藤輝基（フットボールアワー）、有吉弘行、ダイアモンド☆ユカイ、小倉優子、秋元玲奈;2011年
225;10月9日;マジギライ1/5;山里亮太（南海キャンディーズ）、宮田あゆみ、村岡沙耶香、青山玲子、小島百合子、あいな;2011年
226;10月16日;マジギライ1/5;有吉弘行、斉藤和巳、古川真奈美、橋本雪乃、愛心、あいな;2011年
227;10月23日;怒りオネェ5;バナナマン、手島優;2011年
228;10月30日;モテナイキナイト;田中卓志（アンガールズ）、中岡創一（ロッチ）、諸見里大介、南まりか;2011年
229;11月6日;飲み屋でゲーセワニュース;バナナマン、島田秀平、久田将義、吉田豪、なぎら健壱、杉作J太郎;2011年
230;11月13日;飲み屋でゲーセワニュース;バナナマン、島田秀平、久田将義、吉田豪、なぎら健壱、杉作J太郎;2011年
231;11月20日;DVD発売記念!景気付けにおっぱいを見せてもらおう;オードリー、山里亮太（南海キャンディーズ）、安藤遥、谷桃子;2011年
232;11月27日;第1回オオギリッシュNIGHT;バナナマン、バカリズム、深澤ゆうき、渕上彩夏、木村好珠、神室まい;2011年
233;12月11日;第3回松丸プロデュース王決定戦;バナナマン;2011年
234;12月18日;第2回勝手に新曲発表会;バナナマン、サンドウィッチマン、豊本明長（東京03）、大地洋輔（ダイノジ）、デビテツヤ、ペレ（エクステンション）;2011年
235;12月25日;第2回勝手に新曲発表会;バナナマン、サンドウィッチマン、豊本明長（東京03）、大地洋輔（ダイノジ）、デビテツヤ、ペレ（エクステンション）;2011年
236;1月8日;マジギライ1/5;東野幸治、高梨麻衣、平塚奈菜、白河優菜、相川友希、あいな;2012年
237;1月15日;危険すぎて世に出なかった冬の問題作祭り;スピードワゴン、春名風花;2012年
238;1月22日;第2回オオギリッシュNIGHT;バナナマン、バカリズム、山里亮太（南海キャンディーズ）、渕上彩夏、木村好珠、神室まい;2012年
239;1月29日;第2回オオギリッシュNIGHT;バナナマン、バカリズム、山里亮太（南海キャンディーズ）、渕上彩夏、木村好珠、神室まい;2012年
240;2月5日;マジ歌LIVE2012 ディレクターズカット版;バナナマン、東京03、秋山竜次（ロバート）、大地洋輔（ダイノジ）、後藤輝基（フットボールアワー）、大島美幸・黒沢かずこ（森三中）;2012年
241;2月12日;ジェッタシーはダサぁない!ホンマはカッコええんやで!!対決;後藤輝基（フットボールアワー）、菊地亜美、丸高愛実、安藤遥、白河優菜、馬越幸子;2012年
242;2月19日;バレンタインだよ!キモンスターズチャンプ5;バナナマン、Hi-Hi;2012年
243;2月26日;第1回バカヤロウ徒競走;児嶋一哉（アンジャッシュ）、山里亮太（南海キャンディーズ）;2012年
244;3月4日;第1回バカヤロウ徒競走;児嶋一哉（アンジャッシュ）、山里亮太（南海キャンディーズ）;2012年
245;3月11日;第3回照れカワ芸人更生プログラム〜照れカワももクロ学園〜;バナナマン、オードリー、山里亮太（南海キャンディーズ）、ももいろクローバーZ;2012年
246;3月18日;第3回照れカワ芸人更生プログラム〜照れカワももクロ学園〜;バナナマン、オードリー、山里亮太（南海キャンディーズ）、ももいろクローバーZ;2012年
247;3月25日;飲み屋でゲーセワニュース2（前編）;バナナマン、久田将義、吉田豪、杉作J太郎、サンキュータツオ（米粒写経）;2012年
248;4月8日;番組6年目突入!レア映像クイズ;バナナマン、岩佐真悠子;2012年
249;4月15日;模範解答を考えよう;川島明（麒麟）、博多大吉（博多華丸・大吉）;2012年
250;4月22日;手島を救え!爆乳プロデュース;手島優、MAO、北條まみ;2012年
251;4月29日;照れカワももクロ学園 未公開SP;バナナマン、オードリー、山里亮太（南海キャンディーズ）、ももいろクローバーZ;2012年
251;4月29日;小沢治療企画 マジギライ1/1;スピードワゴン、春名風花;2012年
252;5月6日;マジギライ1/5;バナナマン、安藤あいか、加藤遥、鳥飼ゆかり、由井香織、あいな;2012年
253;5月13日;上品芸人ハメ外しクラブ;川島明（麒麟）、博多大吉（博多華丸・大吉）、春日俊彰（オードリー）;2012年
254;5月20日;飲み屋でゲーセワニュース2（後編）;バナナマン、久田将義、吉田豪、杉作J太郎、サンキュータツオ（米粒写経）;2012年
254;5月20日;マジギライ1/5 未公開SP;バナナマン、安藤あいか、加藤遥、鳥飼ゆかり、由井香織、あいな;2012年
254;5月20日;上品芸人ハメ外しクラブ 未公開SP;川島明（麒麟）、博多大吉（博多華丸・大吉）;2012年
255;5月27日;第2回バカヤロウ徒競走;児嶋一哉（アンジャッシュ）、澤部佑（ハライチ）、大地洋輔（ダイノジ）、麻美ゆま、鬼ヶ島;2012年
256;6月3日;第2回バカヤロウ徒競走;児嶋一哉（アンジャッシュ）、澤部佑（ハライチ）、大地洋輔（ダイノジ）、麻美ゆま、鬼ヶ島;2012年
257;6月10日;二代目あいなオーディション;飯塚悟志（東京03）、あいな、大石百華、鈴木ゆき、乃愛、愛内心愛;2012年
258;6月17日;ファンタジー芸人No.1決定戦;博多大吉（博多華丸・大吉）、喜屋武ちあき、原田まりる、疋田紗也、小野大輔、沢城みゆき、篠崎愛、島村比呂樹、篠原正明、澤野泰誠、米勝吉;2012年
259;6月24日;ファンタジー芸人No.1決定戦;博多大吉（博多華丸・大吉）、喜屋武ちあき、原田まりる、疋田紗也、小野大輔、沢城みゆき、篠崎愛、島村比呂樹、篠原正明、澤野泰誠、米勝吉;2012年
260;7月1日;なめたらあかん!ホンマあかん!ジェッタシーはダサぁない!アレンジさえすればホンマはカッコええんやでー対決!;後藤輝基（フットボールアワー）、芹那、丸高愛実、安藤遥、白河優菜、椎名みくる、馬越幸子、伝太、らっぷびと、腹筋学園;2012年
261;7月8日;第7回芸能界キレ女塾;バカリズム、小池里奈;2012年
262;7月15日;ザ・大声クイズ9;児嶋一哉（アンジャッシュ）、鈴木拓（ドランクドラゴン）、菊地亜美;2012年
263;7月22日;爆乳プロデュース2;バナナマン、手島優、北条まみ、長岡美和;2012年
特別編;8月5日;UFIの未完成TV（ウレロ☆未完成少女スピンオフ番組）;未確認少女隊UFI、おぎやはぎ、日村勇紀（バナナマン）、松丸友紀;2012年
264;8月12日;マジギライ1/5;オードリー、美藤桜子、黒沢美怜、井澤エイミー、松島志歩、あいな;2012年
265;8月19日;第3回オオギリッシュNIGHT 前半戦;バナナマン、バカリズム、ケンドーコバヤシ、大堀恵、渕上彩夏、滝川綾;2012年
266;8月26日;上品芸人ハメ外しクラブ2;博多大吉（博多華丸・大吉）、川島明（麒麟）、板倉俊之（インパルス）、楽しんご;2012年
267;9月2日;上品芸人ハメ外しクラブ2;博多大吉（博多華丸・大吉）、川島明（麒麟）、板倉俊之（インパルス）、楽しんご;2012年
268;9月9日;ヒドイ女サミット ルーキー大会;Hi-Hi、弾丸ジャッキー、神宮寺しし丸、磁石、げんき〜ず、大堀恵;2012年
269;9月16日;児嶋vs高橋 最下層芸人モノノフ最低抗争;アンジャッシュ、高橋健一（キングオブコメディ）、谷桃子;2012年
270;9月23日;第3回オオギリッシュNIGHT 後半戦;バナナマン、バカリズム、ケンドーコバヤシ、大堀恵、渕上彩夏、滝川綾;2012年
271;9月30日;第6回キス我慢選手権;バナナマン、春日俊彰（オードリー）、星美りか;2012年
272;10月3日;第6回キス我慢選手権 劇団ひとりSP;バナナマン、紗倉まな、葵つかさ、岩井秀人、小手伸也、福田亘、尾野島慎太朗;2012年
273;10月7日;第6回キス我慢選手権 劇団ひとりSP;バナナマン、紗倉まな、葵つかさ、岩井秀人、小手伸也、福田亘、尾野島慎太朗;2012年
274;10月14日;第2回二代目あいなオーディション;飯塚悟志（東京03）、あいな、高塚麻奈、小玉裕依、坂本真理亜、藤北彩香;2012年
275;10月21日;マジギライ1/5;渡部建（アンジャッシュ）、長谷部佑香、三島ゆかり、小野ののか、清水あいり、あいな;2012年
276;10月28日;第6回キス我慢選手権 延長戦;日村勇紀（バナナマン）、田中卓志（アンガールズ）、成瀬心美;2012年
277;11月4日;第6回キス我慢選手権 延長戦;日村勇紀（バナナマン）、田中卓志（アンガールズ）、成瀬心美;2012年
278;11月11日;芸人一発ギャグ再生研究所;バナナマン、バカリズム、小島よしお;2012年
279;11月18日;第8回芸能界キレ女塾;バカリズム、篠崎愛;2012年
280;11月25日;企画お試し飲み会;バナナマン、東京03、児嶋一哉（アンジャッシュ）;2012年
281;12月2日;第3回バカヤロウ徒競走;山里亮太（南海キャンディーズ）、塚地武雅（ドランクドラゴン）、バイきんぐ、手島優、鬼ヶ島;2012年
282;12月9日;第3回バカヤロウ徒競走;山里亮太（南海キャンディーズ）、塚地武雅（ドランクドラゴン）、バイきんぐ、手島優、鬼ヶ島;2012年
283;12月16日;いきなり新曲スナック角ちゃん;バナナマン、東京03、荒井伝太;2012年
284;12月23日;今後使いたいのは誰だ!?ヒム子のアイドル性格チェック;バナナマン、森田涼花、スカイラブハリケーン;2012年
285;12月28日;第10回芸人マジ歌選手権;バナナマン、東京03、大地洋輔（ダイノジ）、後藤輝基（フットボールアワー）、マキタスポーツ、千秋、博多大吉（博多華丸・大吉）、芹那;2012年
286;1月6日;第4回松丸プロデュース王決定戦;田中卓志（アンガールズ）;2013年
287;1月13日;第2回ファンタジー芸人No.1決定戦;レイザーラモンRG、長野せりな、橘ゆりか、原田真緒、中村知世、篠原正明、冠仁、白石悠佳、山口河童、和田雄太、海宝真珠、小野大輔、田村ゆかり;2013年
288;1月20日;第2回ファンタジー芸人No.1決定戦;レイザーラモンRG、長野せりな、橘ゆりか、原田真緒、中村知世、篠原正明、冠仁、白石悠佳、山口河童、和田雄太、海宝真珠、小野大輔、田村ゆかり;2013年
289;1月27日;第1回イチャまんグランプリ;Hi-Hi、春日俊彰（オードリー）、星美りか、田中涼子、大堀恵;2013年
290;2月3日;捨てるのはもったいない!未公開傑作選;-;2013年
291;2月10日;THE破天荒2013;吉村崇（平成ノブシコブシ）、谷桃子、児嶋一哉（アンジャッシュ）;2013年
292;2月17日;今後使いたいのは誰だ!?ヒム子のアイドル性格チェック;バナナマン、逢沢りな、ななめ45°;2013年
293;2月24日;第4回オオギリッシュNIGHT;バナナマン、バカリズム、ケンドーコバヤシ、大堀恵、滝川綾、亜里沙;2013年
294;3月3日;300回記念直前 エロ哀しいかるたを作ろう;レイザーラモンRG、弾丸ジャッキー、ニイルセン;2013年
295;3月10日;えらいこっちゃ!どないなっとんねん!ヘブリカンはダサぁない!アレンジさえすればホンマはめっさカッコええんやでー!!対決;後藤輝基（フットボールアワー）、小島瑠璃子、佳苗るか、丸高愛実、安藤遥、白河優菜、らっぷびと、L.A.5;2013年
296;3月17日;第2回イチャまんグランプリ;ハマカーン、銀シャリ、壇蜜、田中涼子、大堀恵;2013年
297;3月24日;仲直りフレンドパーク4;児嶋一哉（アンジャッシュ）、吉村崇（平成ノブシコブシ）、谷桃子;2013年
298;3月31日;マジギライ1/5 〜おねだりマスカットSP!×ゴッドタン〜;恵比寿マスカッツ（希志あいの、初音みのり、蒼井そら、Rio、かすみ果穂、瑠川リナ、安藤あいか、結夜、永作あいり、児玉菜々子、篠原冴美、栗山夢衣、希崎ジェシカ、希島あいり、川村えな、山口愛実、坂本りおん、山中絢子、小倉遥、推川ゆうり）;2013年
299;4月7日;爆乳ヤンキー新センターオーディション;爆乳ヤンキー（手島優・北条まみ・長岡美和）、田中涼子、森田涼花、タイナイス;2013年
300;4月14日;ゴッドタン放送300回記念SP;バナナマン、スピードワゴン、春名風花;2013年
301;4月21日;いきなり新曲スナック角ちゃん2;東京03、秋山竜次（ロバート）、川島明（麒麟）、荒井伝太;2013年
302;4月28日;ザ・大声クイズ10;小峠英二（バイきんぐ）、川島邦裕（野性爆弾）、丸高愛実;2013年
303;5月5日;マジ歌ライブ2013;バナナマン、東京03、後藤輝基（フットボールアワー）、大地洋輔（ダイノジ）、マキタスポーツ、大堀恵、田中涼子、爆乳ヤンキー（手島優・北条まみ・長岡美和）、タイナイス、L.A.5、荒井伝太;2013年
304;5月12日;マジ歌ライブ2013;バナナマン、東京03、後藤輝基（フットボールアワー）、大地洋輔（ダイノジ）、マキタスポーツ、大堀恵、田中涼子、爆乳ヤンキー（手島優・北条まみ・長岡美和）、タイナイス、L.A.5、荒井伝太;2013年
305;5月26日;今後使いたいのは誰だ!?ヒム子のアイドル性格チェック;バナナマン、矢島舞美（℃-ute）、逢沢りな、国生さゆり、ザ・たっち;2013年
306;6月2日;今後使いたいのは誰だ!?ヒム子のアイドル性格チェック;バナナマン、矢島舞美（℃-ute）、逢沢りな、国生さゆり、ザ・たっち;2013年
307;6月9日;芸人一発ギャグ再生研究所2;日村勇紀（バナナマン）、川島邦裕（野性爆弾）、アンガールズ;2013年
308;6月16日;ゲーセワニュース2013;久田将義、吉田豪、杉作J太郎;2013年
309;6月23日;公開直前!キス我慢選手権 THE MOVIEをみんなに見てもらおう;博多大吉（博多華丸・大吉）、石橋ゆう子;2013年
310;6月27日;映画公開記念 キス我慢選手権;バナナマン、東野幸治、小島みなみ、七海なな;2013年
310;6月27日;映画「ゴッドタン キス我慢選手権 THE MOVIE」公開記念松丸調子乗ってる度チェック;サンボマスター;2013年
311;6月30日;キス我慢選手権 THE MOVIE アナザーストーリー;ハマカーン、紗倉まな;2013年
312;7月7日;映画ヒット祈願!景気付けにおっぱいを見せてもらえ!;児嶋一哉（アンジャッシュ）、吉村崇（平成ノブシコブシ）、岸明日香、谷桃子;2013年
313;7月14日;第9回芸能界キレ女塾;バカリズム、星名美津紀;2013年
314;7月21日;アイドル飲み姿カワイイコンテスト;中村静香、今野杏南、西舘さをり;2013年
315;7月28日;魁!設楽塾;設楽統（バナナマン）、山里亮太（南海キャンディーズ）、中岡創一（ロッチ）、由井香織;2013年
316;8月4日;未公開悪ふざけ映像SP;-;2013年
317;8月11日;第3回イチャまんグランプリ;アルコ&ピース、千鳥、田中涼子、小島みなみ、大堀恵;2013年
318;8月18日;上品芸人ハメ外しクラブ2013夏;博多大吉（博多華丸・大吉）、川島明（麒麟）、吉村崇（平成ノブシコブシ）;2013年
319;8月25日;芸能界ストイック暗記王12;狩野英孝、小峠英二（バイきんぐ）、飯尾和樹（ずん）;2013年
320;9月1日;芸能界ストイック暗記王12;狩野英孝、小峠英二（バイきんぐ）、飯尾和樹（ずん）;2013年
321;9月8日;いきなり新曲スナック角ちゃん3;東京03、川島明（麒麟）、レイザーラモンRG、荒井伝太;2013年
322;9月15日;ヒム子のおネェドッキリ傑作選;-;2013年
323;9月22日;マジギライ1/5;ハライチ、あべみほ、酒井蘭、小塚桃子、島﨑映次、あいな;2013年
324;9月29日;この若手知ってんのか!?2013秋;銀シャリ、アルコ&ピース、三四郎、セルライトスパ、ルシファー吉岡、ライス、エル・カブキ、グランジ;2013年
325;10月6日;キス我慢選手権 緊急スペシャル;笑福亭鶴瓶、美雪ありす、飯塚悟志（東京03）;2013年
326;10月13日;マジギライ1/5;狩野英孝、新田まみ、柴原麻衣、武藤乃亜、渚光、あいな;2013年
327;10月20日;魁!設楽塾2;設楽統（バナナマン）、山里亮太（南海キャンディーズ）、ネゴシックス、R藤本、片岡正徳（オオカミ少年）、山中絢子;2013年
328;10月27日;照れキュート芸人更生プログラム;パンサー、℃-ute、バナナマン;2013年
329;11月3日;照れキュート芸人更生プログラム;パンサー、℃-ute、バナナマン;2013年
330;11月10日;アイドル飲み姿カワイイグランプリ;中村静香、丸高愛実、下田美咲;2013年
331;11月17日;第2の劇団ひとりオーディション;三四郎、銀シャリ、小峠英二（バイきんぐ）、葵つかさ、紗倉まな、石橋ゆう子、島﨑映次;2013年
332;11月24日;第2の劇団ひとりオーディション;三四郎、銀シャリ、小峠英二（バイきんぐ）、葵つかさ、紗倉まな、石橋ゆう子、島﨑映次;2013年
333;12月1日;ウソツキング5;バナナマン、川島明（麒麟）;2013年
334;12月8日;第5回オオギリッシュNIGHT;バナナマン、ケンドーコバヤシ、大悟（千鳥）、渕上彩夏、小原春香、藤岡静香;2013年
335;12月15日;今後使いたいのは誰だ!?ヒム子のアイドル性格チェック;バナナマン、奥仲麻琴（PASSPO☆）;2013年
336;12月22日;マジ歌名フレーズランキング;-;2013年
337;1月4日;第11回芸人マジ歌選手権;バナナマン、東京03、後藤輝基（フットボールアワー）、マキタスポーツ、小峠英二（バイきんぐ）天野ひろゆき（キャイ〜ン）、小島瑠璃子、川島明（麒麟）、加藤育実、逢月ひな（サンミニ）、;2014年
338;1月12日;第11回芸人マジ歌選手権 完全版SP;バナナマン、東京03、後藤輝基（フットボールアワー）、マキタスポーツ、小峠英二（バイきんぐ）天野ひろゆき（キャイ〜ン）、小島瑠璃子、川島明（麒麟）、加藤育実、逢月ひな（サンミニ）、;2014年
339;1月19日;バカリズムに女友達を作ろう;バカリズム、渕上彩夏、中村静香、東條ナナ、二瓶有加、水口亘、谷桃子;2014年
340;1月26日;山里のアイドルコンサルティング大作戦;日村勇紀（バナナマン）、山里亮太（南海キャンディーズ）、手島優;2014年
341;2月2日;マジギライ1/5;西野亮廣（キングコング）、高橋杏奈、桜井未来、北山奈都美、二瓶有加、水口亘、あいな;2014年
342;2月9日;魁!設楽塾3;設楽統（バナナマン）、山里亮太（南海キャンディーズ）、ネゴシックス、R藤本、片岡正徳（オオカミ少年）、由井香織;2014年
343;2月16日;第4回イチャまんグランプリ;村本大輔（ウーマンラッシュアワー）、鬼ヶ島、齊藤夢愛、小島みなみ、上原亜衣、大堀恵;2014年
344;3月2日;スランプ芸人 救済スペシャル;飯塚悟志（東京03）、三四郎、谷桃子、島崎映次;2014年
345;3月9日;第6回オオギリッシュNIGHT;バナナマン、ケンドーコバヤシ、吉村崇（平成ノブシコブシ）、渕上彩夏、小原春香、藤岡静香;2014年
346;3月16日;このアイドル知ってんのか!?2014;トレンディエンジェル、大蔵ともあき、宗像明将、塚本舞、Juice=Juice、BiS、小池美由;2014年
347;3月23日;第2回バカリズムに女友達を作ろう;バカリズム、逢沢りな、蓼沼楓、小池美由、二瓶有加、山岸あき、Pちゃん;2014年
348;3月30日;ゴッドタン2013年度スター名鑑;-;2014年
349;4月6日;ヒム子のアイドル性格チェックSP in TGC;バナナマン、小松彩夏;2014年
350;4月13日;第3回アイドル飲み姿カワイイGP;オダギリジョー、中村静香、岸明日香、脊山麻理子;2014年
351;4月20日;芸能界ストイック暗記王13;ハライチ、飯塚悟志（東京03）、大久保佳代子（オアシズ）、かもめんたる、しみけん;2014年
352;4月27日;芸能界ストイック暗記王13;ハライチ、飯塚悟志（東京03）、大久保佳代子（オアシズ）、かもめんたる、しみけん;2014年
353;5月4日;芸人マジ歌ライブ2014;バナナマン、東京03、後藤輝基（フットボールアワー）、大地洋輔（ダイノジ）、マキタスポーツ、小峠英二（バイきんぐ）ネゴシックス、小池美由、二瓶有加、水口亘、Pちゃん、三四郎、℃-ute;2014年
354;5月11日;芸人マジ歌ライブ2014;バナナマン、東京03、後藤輝基（フットボールアワー）、大地洋輔（ダイノジ）、マキタスポーツ、小峠英二（バイきんぐ）ネゴシックス、小池美由、二瓶有加、水口亘、Pちゃん、三四郎、℃-ute;2014年
355;5月18日;未公開スペシャル;-;2014年
356;5月25日;コンビ愛確かめ選手権;千鳥、ダイノジ、渕上彩夏、平塚奈菜、山岸あき;2014年
357;6月1日;コンビ愛確かめ選手権;千鳥、ダイノジ、渕上彩夏、平塚奈菜、山岸あき;2014年
358;6月8日;第10回芸能界キレ女塾;バカリズム、森田涼花、小沢一敬（スピードワゴン）;2014年
359;6月22日;仲直りフレンドパーク5;西野亮廣（キングコング）、水口亘、二瓶有加;2014年
360;6月29日;リアルザキヤマ脱出ゲーム;山崎弘也（アンタッチャブル）、小峠英二（バイきんぐ）、銀シャリ;2014年
361;7月6日;上品芸人ハメ外しクラブ2014夏;博多大吉（博多華丸・大吉）、川島明（麒麟）、スギちゃん;2014年
362;7月13日;ザ・大声クイズ11;三四郎、日村勇紀（バナナマン）、おのののか;2014年
363;7月20日;第7回オオギリッシュNIGHT;バナナマン、ケンドーコバヤシ、川島邦裕（野性爆弾）、渕上彩夏、高崎聖子、小間千代;2014年
364;7月27日;ノブでピンでも入るようにしてあげよう!;千鳥、西澤裕介（ダイアン）、西野晶雄（シンプル）、お兄ちゃん（ビタミンS）、愛沢えみり、島崎映次、Pちゃん;2014年
365;8月10日;魁!設楽塾4 山里軍団ファイナル;設楽統（バナナマン）、山里亮太（南海キャンディーズ）、ネゴシックス、R藤本、片岡正徳（オオカミ少年）;2014年
366;8月17日;もうお盆だよ!キモンスターズ・チャンプ6;バナナマン、アルコ&ピース;2014年
367;8月24日;第12回ヒドイ女サミット;山里亮太（南海キャンディーズ）、村本大輔（ウーマンラッシュアワー）、脊山麻理子;2014年
368;8月31日;第5回イチャまんグランプリ;ナイツ、どぶろっく、小田あさ美、小島みなみ、中村静香;2014年
369;9月7日;マジギライ1/5;ダイノジ、立花亜野芽、木嶋のりこ、初原千絵、HIDE、あいな;2014年
370;9月14日;第2回コンビ愛確かめ選手権;バナナマン、博多華丸・大吉、インパルス、橋本彩、高橋杏奈、池田ショコラ;2014年
371;9月21日;第2回コンビ愛確かめ選手権;バナナマン、博多華丸・大吉、インパルス、橋本彩、高橋杏奈、池田ショコラ;2014年
372;9月28日;第4回アイドル飲み姿カワイイGP;岸明日香、佐藤かよ、葉加瀬マイ;2014年
373;10月5日;問題児更生施設 川島学園;川島明（麒麟）、小沢一敬（スピードワゴン）、ネゴシックス、三四郎、渕上彩夏、小池美由、二瓶有加、水口亘、Pちゃん;2014年
374;10月12日;ヒム子のアイドル性格チェックSP;バナナマン、森山直太朗、岡本杏理、江戸むらさき;2014年
375;10月19日;映画公開記念 おっぱいを見せてもらおう!;三四郎、流れ星、小間千代、倉持由香;2014年
376;10月26日;オオギリッシュ大人の社会科見学;日村勇紀（バナナマン）、バカリズム、川島邦裕（野性爆弾）、白石茉莉奈、小島みなみ;2014年
377;11月2日;アイドル飲み姿カワイイGP 東野カップ;東野幸治、佐藤かよ、今野杏南、下田美咲、Pちゃん、あいな;2014年
378;11月9日;芸能界ストイック暗記王14;インパルス、千鳥、レイザーラモンRG、飯塚悟志（東京03）、ラバーガール;2014年
379;11月16日;芸能界ストイック暗記王14;インパルス、千鳥、レイザーラモンRG、飯塚悟志（東京03）、ラバーガール;2014年
380;11月23日;未公開スペシャル;-;2014年
381;11月30日;ザ・大声クイズ12;西野亮廣（キングコング）、ネゴシックス、岡井千聖（℃-ute）;2014年
382;12月7日;第5回照れカワ芸人更生プログラム;パンサー、ラバーガール、山崎弘也（アンタッチャブル）、私立恵比寿中学、谷桃子;2014年
383;12月14日;第5回照れカワ芸人更生プログラム;パンサー、ラバーガール、山崎弘也（アンタッチャブル）、私立恵比寿中学、谷桃子;2014年
384;12月21日;マジギライ1/5;鈴木拓（ドランクドラゴン）、木嶋ゆり、遠藤三貴、芦原優愛、長南亮、あいな;2014年
385;1月3日;第12回芸人マジ歌選手権;バナナマン、東京03、ダイノジ、秋山竜次（ロバート）、黒沢かずこ（森三中）、後藤輝基（フットボールアワー）小出祐介（Base Ball Bear）、おのののか、川島明（麒麟）、丸高愛実、三四郎、加藤育実、逢月ひな（サンミニ）;2015年
386;1月11日;第12回芸人マジ歌選手権 完全版SP;バナナマン、東京03、ダイノジ、秋山竜次（ロバート）、黒沢かずこ（森三中）、後藤輝基（フットボールアワー）小出祐介（Base Ball Bear）、おのののか、川島明（麒麟）、丸高愛実、三四郎、加藤育実、逢月ひな（サンミニ）;2015年
387;1月25日;おぎやはぎはもうジジイなのか?キレ悪検証テスト;斉藤慎二（ジャングルポケット）、永井佑一郎、小池美由;2015年
388;2月1日;第3回コンビ愛確かめ選手権;アンジャッシュ、スピードワゴン、ハライチ;2015年
389;2月8日;第3回コンビ愛確かめ選手権;アンジャッシュ、スピードワゴン、ハライチ;2015年
390;2月15日;第4回エロ哀しい話座談会;豊本明長（東京03）、ラブレターズ;2015年
391;2月22日;マジギライオールスターの魅力再発見SP;岡井千聖（℃-ute）;2015年
392;2月28日;第2の劇団ひとりオーディション;飯塚悟志（東京03）、斉藤慎二（ジャングルポケット）、上原亜衣、白石茉莉奈、石橋ゆう子;2015年
393;3月8日;55分押しだから流せる禁断の未公開映像SP;-;2015年
394;3月15日;この若手知ってんのか!?2015;アルコ&ピース、三四郎、片山勝三、児島気奈、モグライダー、ザ☆忍者、おかずクラブ、スーパーニュウニュウ、巨匠;2015年
395;3月22日;この若手知ってんのか!?2015;アルコ&ピース、三四郎、片山勝三、児島気奈、モグライダー、ザ☆忍者、おかずクラブ、スーパーニュウニュウ、巨匠;2015年
396;3月29日;第8回オオギリッシュNIGHT;バナナマン、バカリズム、川島邦裕（野性爆弾）、小島みなみ、渕上彩夏、小間千代、寺田御子;2015年
397;4月5日;第2回ジジイ芸人キレ悪検証テスト;博多華丸・大吉、パンサー、はんにゃ、廣田あいか・柏木ひなた（私立恵比寿中学）;2015年
398;4月12日;かぶりタレントキャラ統一マッチ;鈴木拓（ドランクドラゴン）、高橋健一（キングオブコメディ）、設楽統（バナナマン）;2015年
399;4月19日;“俺たちのMy Way”本当はすごいんだぞールナイトニッポン;ダイノジ、奥仲麻琴、岡田将生、鈴木浩介;2015年
400;4月26日;第6回イチャまんグランプリ;トレンディエンジェル、スピードワゴン、さくらゆら、木嶋のりこ、大堀恵;2015年
401;5月3日;アイドルビジネス悩み撲滅委員会;鈴木拓（ドランクドラゴン）、東森美和、中島愛里、芦原優愛;2015年
402;5月10日;おかずクラブ ゆいPのキス我慢が見てみたい!;おかずクラブ、鈴木貴之、山本明寛;2015年
403;5月17日;DVD発売記念 第2のヒム子オーディション;バナナマン、かもめんたる、バイきんぐ、都丸紗也華、久松郁実;2015年
404;5月24日;第4回コンビ愛確かめ選手権;FUJIWARA、アンガールズ、ウーマンラッシュアワー、住吉史衣、葉月ゆめ、矢野目美有;2015年
405;5月31日;第4回コンビ愛確かめ選手権;FUJIWARA、アンガールズ、ウーマンラッシュアワー、住吉史衣、葉月ゆめ、矢野目美有;2015年
406;6月7日;マジギライ1/5;柴田英嗣（アンタッチャブル）、飯塚悟志（東京03）、青山めぐ、加藤明子、宮澤じゅり、あいな;2015年
407;6月14日;目指せ!お兄ちゃん芸人アイドル×芸人 フィ〜リングカップル;銀シャリ、三四郎、姫崎愛未・高木悠未・ 大庭彩歌・伊藤麻希（LinQ）;2015年
408;6月21日;仲直りフレンドパーク6;鈴木拓（ドランクドラゴン）、西野亮廣（キングコング）;2015年
409;6月28日;第5回アイドル飲み姿カワイイGP;中村静香、中島愛里、三原勇希;2015年
410;7月5日;第3回ファンタジー芸人No.1決定戦;川島邦裕（野性爆弾）、下野紘、三森すずこ、荻野可鈴・小林玲・京佳（夢みるアドレセンス）、原田まりる、倉持由香、水月桃子;2015年
411;7月12日;第3回ファンタジー芸人No.1決定戦;川島邦裕（野性爆弾）、下野紘、三森すずこ、荻野可鈴・小林玲・京佳（夢みるアドレセンス）、原田まりる、倉持由香、水月桃子;2015年
412;7月19日;マジ歌ライブ名場面集;-;2015年
413;7月26日;ゲーセワニュース2015;久田将義、吉田豪、杉作J太郎、しみけん;2015年
414;8月9日;ザ・大声クイズ13;千鳥、菊地亜美、西野晶雄（シンプル）;2015年
415;8月16日;10代のノリに食らいつけ!ジジババ検証テスト;黒沢かずこ（森三中）、椿鬼奴、私立恵比寿中学;2015年
416;8月23日;芸能界ストイック暗記王15;おかずクラブ、麒麟、バカリズム、東京03、亀島一徳、高橋戦車青山めぐ、安藤遥、小田あさ美、桜井未来、富川一人、澤野泰誠、和田裕太、白石茉莉奈;2015年
417;8月30日;芸能界ストイック暗記王15;おかずクラブ、麒麟、バカリズム、東京03、亀島一徳、高橋戦車青山めぐ、安藤遥、小田あさ美、桜井未来、富川一人、澤野泰誠、和田裕太、白石茉莉奈;2015年
418;9月6日;教えて!松見坂先生;日村勇紀（バナナマン）、ムーディ勝山、どぶろっく、岡井千聖（℃-ute）、都丸紗也華;2015年
419;9月13日;マジ歌ライブ直前 緊急企画!;マキタスポーツ、野性爆弾、鈴木このみ、池田エライザ、奥仲麻琴、金子栞;2015年
420;9月20日;ゴッドタン出演者懇親会;三四郎、小池美由、中島愛里、あいな、Pちゃん;2015年
421;9月27日;衝撃事件簿 未公開SP;-;2015年
422;10月4日;松丸・中島・あいなの正直美女お悩み相談室;中島愛里、あいな、佐藤新一;2015年
423;10月11日;マジ歌LIVE2015 in 東京国際フォーラム;バナナマン、東京03、野性爆弾、ダイノジ、マキタスポーツ、黒沢かずこ（森三中）、秋山竜次（ロバート）、後藤輝基（フットボールアワー）私立恵比寿中学、中村静香、中島愛里、鈴木このみ;2015年
424;10月18日;マジ歌LIVE2015 in 東京国際フォーラム;バナナマン、東京03、野性爆弾、ダイノジ、マキタスポーツ、黒沢かずこ（森三中）、秋山竜次（ロバート）、後藤輝基（フットボールアワー）私立恵比寿中学、中村静香、中島愛里、鈴木このみ;2015年
425;10月25日;第5回コンビ愛確かめ選手権;オアシズ、ドランクドラゴン、麒麟、川井優沙、西上まなみ、山本成美;2015年
426;11月1日;第5回コンビ愛確かめ選手権;オアシズ、ドランクドラゴン、麒麟、川井優沙、西上まなみ、山本成美;2015年
427;11月8日;ウソツキング 〜マジよりリアルな嘘をつけ〜;川島明（麒麟）、村本大輔（ウーマンラッシュアワー）、久松都実、野呂佳代;2015年
428;11月15日;マジギライ1/5;バイきんぐ、宮河マヤ、藤綾乃、染谷有香、西村瑠璃子、あいな;2015年
429;11月22日;お笑い事務所ゴシップサテライト;アルコ&ピース、鬼ヶ島、三四郎;2015年
430;11月29日;名物女性キャラ初登場スペシャル;-;2015年
431;12月6日;第5回松丸プロデュース王決定戦;塚地武雅（ドランクドラゴン）;2015年
432;12月13日;ギリ笑える不幸座談会;野口かおる、三四郎、小池美由、伊藤麻希（LinQ）;2015年
433;12月20日;2015年のうちに放送しちゃいたい未公開映像SP;-;2015年
434;1月3日;第13回芸人マジ歌選手権;バナナマン、東京03、秋山竜次（ロバート）、スピードワゴン、ダイノジヒャダイン、小島瑠璃子、澤部佑（ハライチ）加藤育実、逢月ひな（サンミニ）、朝倉ゆり（バクステ外神田一丁目）、natsuki（エレクトリックリボン）;2016年
435;1月10日;第13回芸人マジ歌選手権 完全版SP;バナナマン、東京03、秋山竜次（ロバート）、スピードワゴン、ダイノジヒャダイン、小島瑠璃子、澤部佑（ハライチ）加藤育実、逢月ひな（サンミニ）、朝倉ゆり（バクステ外神田一丁目）、natsuki（エレクトリックリボン）;2016年
436;1月17日;ザ・大声クイズ14;藤本敏史（FUJIWARA）、吉村崇（平成ノブシコブシ）、野呂佳代;2016年
437;1月24日;小池美由にトモダチを作ってあげよう;小池美由、岸明日香、葉月、メイプル超合金、黒沢かずこ（森三中）;2016年
438;1月31日;チャラギリッシュNIGHT;バカリズム、ケンドーコバヤシ、日村勇紀（バナナマン）、葉月、菜香、平野いえな;2016年
439;2月7日;西野理解王選手権;西野亮廣（キングコング）、板倉俊之（インパルス）、岡井千聖（℃-ute）、石橋ゆう子;2016年
440;2月14日;第7回イチャまんグランプリ;三四郎、ハライチ、小島みなみ、木嶋のりこ、大堀恵;2016年
441;2月21日;第4回ジジイ芸人キレ悪検証テスト;サンドウィッチマン、荻野可鈴・山田朱莉・志田友美・京佳（夢みるアドレセンス）;2016年
442;2月28日;準レギュラー契約更新オーディション;手島優、Pちゃん、西岡葉月;2016年
443;3月6日;ゴッドタンのDVD特典映像は意外に面白いぞSP;あいな、松本ルナ、佐藤佳奈子、高橋志信、谷桃子、三四郎、小島みなみ;2016年
444;3月13日;俺の落とし方発表会;田中卓志（アンガールズ）、小田あさ美;2016年
445;3月20日;俺の落とし方発表会;田中卓志（アンガールズ）、野呂佳代;2016年
446;3月27日;この次世代アイドル知ってんのか!?2016;トレンディエンジェル、小池美由、吉田豪、掟ポルシェ、宗像明将一ノ瀬みか（神宿）、あの（ゆるめるモ!）、清竜人25、バニラビーンズ、秋元結季（DaisukI）;2016年
447;4月3日;マジギライ1/5;田中涼子、矢口真里、ビビる大木、あいな;2016年
448;4月3日;この若手知ってんのか!?2016;アルコ＆ピース、児島気奈、片山勝三、アナクロニスティック、ちぐはぐ、ADVANCE、曇天三男坊、ロリィタ族。;2016年
449;4月10日;この若手知ってんのか!?2016;アルコ＆ピース、児島気奈、片山勝三、ブラックパイナーSOS、マシンガンズ;2016年
450;4月17日;ワレモテ芸人会議;笑い飯、ジャルジャル、谷桃子;2016年
451;4月24日;DVD発売記念 小沢のマジ歌リベンジ!;スピードワゴン、倉持由香、山根千佳、都丸紗也華;2016年
452;5月1日;芸能界ストイック暗記王16;永野、藤本敏史（FUJIWARA）、小池美由、東京03、田中涼子、小田あさ美、桜井未来、安藤遥小野川晶、棒地良行、小玉雄大、大矢巧、髙橋弘兆、小川千尋、加納葉月、本田香織、野口雄介、阿部志鴻;2016年
453;5月8日;芸能界ストイック暗記王16;永野、藤本敏史（FUJIWARA）、小池美由、東京03、田中涼子、小田あさ美、桜井未来、安藤遥小野川晶、棒地良行、小玉雄大、大矢巧、髙橋弘兆、小川千尋、加納葉月、本田香織、野口雄介、阿部志鴻;2016年
454;5月15日;上品芸人クリニック;博多大吉（博多華丸・大吉）、川島明（麒麟）、三四郎、西岡葉月;2016年
455;5月22日;悩める中堅芸人 景気の悪い話サミット;エルシャカラーニ、三拍子、ブラックパイナーSOS、マシンガンズ、児島気奈;2016年
456;5月29日;泣けて笑える感動作SP;-;2016年
457;6月5日;第6回コンビ愛確かめ選手権;サンドウィッチマン、ジャルジャル、ロッチ、植松杏菜、古賀あかね、荷川取さやか;2016年
458;6月12日;第6回コンビ愛確かめ選手権;サンドウィッチマン、ジャルジャル、ロッチ、植松杏菜、古賀あかね、荷川取さやか;2016年
459;6月19日;第2回俺の落とし方発表会;大悟（千鳥）、シソンヌ、小田あさ美、安藤遥、橘希;2016年
460;6月26日;アルコ＆ピース酒井の彼女オーディション;アルコ＆ピース、中村愛、紺野ぶるま、ロリィタ族。;2016年
461;7月3日;仲直りフレンドパーク7（前編）;西野亮廣（キングコング）;2016年
462;7月10日;私の落とし方発表会;野呂佳代、おかずクラブ、金子岳憲、上田堪大;2016年
463;7月10日;仲直りフレンドパーク7（後編）;西野亮廣（キングコング）、小川千尋、加納葉月;2016年
464;7月17日;エロカッコつけ芸人は誰だ!?セクシードッキリ検証;岩井勇気（ハライチ）、曇天三男坊、ラブレターズ、小島みなみ;2016年
465;7月24日;舎弟愛確かめ選手権;ノブ（千鳥）、ケンドーコバヤシ、神宮寺しし丸、西野晶雄（シンプル）、ネゴシックス、小島みゆ、如月さや、川上愛;2016年
466;7月31日;舎弟愛確かめ選手権;ノブ（千鳥）、ケンドーコバヤシ、神宮寺しし丸、西野晶雄（シンプル）、ネゴシックス、小島みゆ、如月さや、川上愛;2016年
467;8月7日;爆乳シリーズ 新メンバーオーディション;手島優、天木じゅん、紺野ぶるま、Pちゃん;2016年
468;8月14日;第2回私の落とし方発表会;相席スタート、阿佐ヶ谷姉妹、菊地亜美、岩谷健司、梅津瑞樹、貴瀬雄二;2016年
469;8月21日;マジギライ1/5;ロッチ、朝日奈央、三宿菜々、藤後夏子、キューティー上木、そぼく（ミリオンズ）、アイクぬわら（超新塾）、あいな;2016年
470;8月28日;未公開ギリギリ映像SP;-;2016年
471;9月4日;マジ歌ルーキーオーディション;東京03、大福、パーマ大佐、ニック（タイムボム）、ぶらっくさむらい、春田和幸;2016年
472;9月11日;第9回オオギリッシュNIGHT;川島明（麒麟）、バカリズム、ケンドーコバヤシ、くっきー（野性爆弾）、佐藤聖羅、西村麻依、西岡葉月;2016年
473;9月18日;第4回バカヤロウ徒競走;児嶋一哉（アンジャッシュ）、ノブ（千鳥）、矢口真里、西野晶雄（シンプル）、ネゴシックス、神宮寺しし丸、岡井千聖、大高雄一郎大村わたる、冠仁、齊藤夢愛、島村比呂樹、清水美輝、中田好人、長谷川恒希、前原瑞樹、涌井とも子、野沢春日;2016年
474;9月25日;第4回バカヤロウ徒競走;児嶋一哉（アンジャッシュ）、ノブ（千鳥）、矢口真里、西野晶雄（シンプル）、ネゴシックス、神宮寺しし丸、岡井千聖、大高雄一郎大村わたる、冠仁、齊藤夢愛、島村比呂樹、清水美輝、中田好人、長谷川恒希、前原瑞樹、涌井とも子、野沢春日;2016年
475;10月2日;芝居ヤバイ芸人No.1決定戦;ネゴシックス、岡井千聖、三四郎、天野麻菜、倉持由香、春輝、日野出清、大矢巧;2016年
476;10月9日;第2回エロ格好つけ調査;塚地武雅（ドラングドラゴン）、ラブレターズ、小島みなみ;2016年
477;10月16日;コンビ芸開発委員会;バイきんぐ、三四郎;2016年
478;10月23日;第5回ジジイ芸人キレ悪検証テスト;ハライチ、レイザーラモンHG、M!LK、片渕茜（テレビ東京アナウンサー）;2016年
479;10月30日;第3回私の落とし方発表会;阿佐ヶ谷姉妹、大久保佳代子、岸明日香、岩谷健司、我妻桃実（ハコイリムスメ）、浅見鉱至、平原テツ、和合真一;2016年
480;11月6日;仲直りフレンドパーク8（前編）;小池美由、黒沢かずこ（森三中）、仲義代;2016年
481;11月13日;仲直りフレンドパーク8（後編）第5回ジジイ芸ジイ芸人キレ悪検証テスト 未公開;小池美由、黒沢かずこ（森三中）、生ハムと焼うどんハライチ、片渕茜（テレビ東京アナウンサー）;2016年
482;11月27日;芸能界ストイック暗記王17;博多華丸・大吉、ビビる大木、アルコ＆ピース、ロリィタ族。、大（グランジ）、向清太朗（天津）小田あさ美、加納葉月、鈴木ふみ奈、染谷有香、松岡里英;2016年
483;12月4日;芸能界ストイック暗記王17;博多華丸・大吉、ビビる大木、アルコ＆ピース、ロリィタ族。、大（グランジ）、向清太朗（天津）小田あさ美、加納葉月、鈴木ふみ奈、染谷有香、松岡里英;2016年
484;12月11日;第6回照れカワ芸人更生プログラム;千鳥、ジャルジャル、℃-ute、ハリウッドザコシショウ、篠原正明;2016年
485;12月18日;第6回照れカワ芸人更生プログラム;千鳥、ジャルジャル、℃-ute、ハリウッドザコシショウ、篠原正明;2016年
486;12月25日;第5回エロ哀しい話座談会;紺野ぶるま、西岡葉月、Pちゃん;2016年
487;1月4日;第14回芸人マジ歌選手権;バナナマン、東京03、バカリズム、後藤輝基（フットボールアワー）、秋山竜次（ロバート）、ハライチ宇多丸（RHYMESTER）、川島明（麒麟）、小島瑠璃子橘花凛、志崎ひなた、齊藤夢愛、古川真奈美、甲斐はるか、佐藤衣里子;2017年
488;1月8日;第14回芸人マジ歌選手権 完全版SP;バナナマン、東京03、バカリズム、後藤輝基（フットボールアワー）、秋山竜次（ロバート）、ハライチ宇多丸（RHYMESTER）、川島明（麒麟）、小島瑠璃子橘花凛、志崎ひなた、齊藤夢愛、古川真奈美、甲斐はるか、佐藤衣里子;2017年
489;1月15日;第1回ネタギリッシュNIGHT;さらば青春の光、ザ・ギース、うしろシティ、かもめんたる橘ゆりか、木村好珠、阿比留夏海;2017年
490;1月22日;第3回俺の落とし方発表会;塚地武雅（ドランクドラゴン）、小野川晶、酒井蘭、鈴木ふみ奈、三浦あくり日比野線、谷仲恵輔、山森信太郎、小椋唯香、菊川聖羅、芝本麟太郎;2017年
491;1月29日;マジギライ1/3;矢口真里、朝日奈央、岡井千聖（℃-ute）、手島優;2017年
492;2月5日;第8回イチャまんグランプリ;カミナリ、ピーマンズスタンダード、川上奈々美、三上悠亜、大堀恵;2017年
493;2月12日;気持ちよく泣かせるキャバクラ;角田晃広（東京03）、小池美由、内田晴子、大友久志、木村優良、佐瀬弘幸、西山聡、蒻崎今日子;2017年
494;2月19日;ロバート秋山のノリ女塾;秋山竜次（ロバート）、本郷杏奈、浅川梨奈（SUPER GiRLS）;2017年
495;2月26日;第4回私の落とし方発表会;阿佐ヶ谷姉妹、鈴木奈々、平野ノラ岩谷健司、オクイシュージ、小澤廉、東加奈子、日比野線、我妻桃実（ハコイリムスメ）楠拓馬、小池碧、安田祐太;2017年
496;3月5日;マジ歌スピンオフ;東京03、春田和幸、ニック&ぶらっくさむらい、関水たまこ;2017年
497;3月19日;よくぞここまで続いた！ゴッドタン ギリギリ事件簿！;東京03、深澤ゆうき、みひろ;2017年
498;3月26日;よくぞここまで続いた！ゴッドタン ギリギリ事件簿！;東京03、深澤ゆうき、みひろ;2017年
499;4月2日;マジ歌ライブ2017～マジ武道館～;バナナマン、バカリズム、後藤輝基（フットボールアワー）、秋山竜次（ロバート）、岩井勇気（ハライチ）、スピードワゴン、ダイノジ阿佐ヶ谷姉妹、みさわ大福、柳沢慎吾、藤田真由美、ニック&ぶらっくさむらい、春田和幸、ラブレターズ、手島優、倉田夏希、小池美由、あいな、Pちゃん、GO!皆川関水たまこ、石橋ゆう子、みひろ、岩谷健司、加藤育実、乙幡杏菜（mi-na）、朝倉ゆり（エラバレシ）、natsuki（Nice Arrange）;2017年
500;4月9日;マジ歌ライブ2017～マジ武道館～;バナナマン、バカリズム、後藤輝基（フットボールアワー）、秋山竜次（ロバート）、岩井勇気（ハライチ）、スピードワゴン、ダイノジ阿佐ヶ谷姉妹、みさわ大福、柳沢慎吾、藤田真由美、ニック&ぶらっくさむらい、春田和幸、ラブレターズ、手島優、倉田夏希、小池美由、あいな、Pちゃん、GO!皆川関水たまこ、石橋ゆう子、みひろ、岩谷健司、加藤育実、乙幡杏菜（mi-na）、朝倉ゆり（エラバレシ）、natsuki（Nice Arrange）;2017年
501;4月16日;第2回芝居ヤバイ芸人No.1決定戦;ネゴシックス、岡井千聖、ノブ（千鳥）、平嶋夏海、月城まゆ、入矢麻衣;2017年
502;4月23日;ザ・大声クイズ15;銀シャリ、倉持由香;2017年
503;4月30日;松丸代打オーディション;池田裕子、染谷有香、紺野ぶるま;2017年
504;5月7日;第7回コンビ愛確かめ選手権;ロバート、アルコ&ピース、メイプル超合金;2017年
505;5月14日;第7回コンビ愛確かめ選手権;ロバート、アルコ&ピース、メイプル超合金;2017年
506;5月21日;仲直りフレンドパーク9;ハライチ、ラブレターズ;2017年
507;5月28日;ロバート秋山のノリ女塾;秋山竜次（ロバート）、都丸紗也華、本郷杏奈;2017年
508;6月4日;西野の夢 かなえたろかスペシャル;西野亮廣（キングコング）、鈴木拓（ドランクドラゴン）、水口亘、池田裕子;2017年
509;6月11日;帰ってきた芸人ラジオサミット 〜次世代ラジオ芸人SP〜;アルコ&ピース、三四郎、ニューヨーク、川野将一;2017年
510;6月18日;ケンカ＆ダンスグランプリ;田中卓志（アンガールズ）、野沢春日、松岡里英、川上愛、白川未奈、エヴァンス未希;2017年
511;6月25日;歌ネタ芸人が大集結！ちょいエロ歌謡祭;8.6秒バズーカー、ムーディ勝山、2700、AMEMIYA;2017年
512;7月2日;2017年上半期未公開映像一挙蔵出しSP;NA;2017年
513;7月9日;マジギライ1/5;千鳥、あいな、寺口智香、ららぴ、るるぴ、あさいあみ;2017年
514;7月16日;この若手知ってんのか!?2017;アルコ＆ピース、児島気奈、ゆにばーす、ランジャタイ、いかちゃん 、曇天三男坊;2017年
515;7月23日;アイドル飲み姿カワイイGP6;藤木由貴、橋本梨菜、和地つかさ;2017年
516;7月30日;第5回 私の落とし方発表会;横澤夏子、阿佐ヶ谷姉妹;2017年
517;8月6日;第2回ネタギリッシュNIGHT;相席スタート、タイムマシーン3号、ザ・ギース、チョコレートプラネット星乃まおり、黒口那津、葉月あや;2017年
518;8月13日;キモンスターズ・チャンプ7;バイきんぐ、野性爆弾、マテンロウ;2017年
519;8月20日;未公開＆ゴールデン見所SP;馬鹿よ貴方は、佐山彩香、いかちゃん;2017年
520;8月26日;芸人マジ歌選手権SP マジラブソング歌謡祭;東京03、AMEMIYA、スピードワゴン、秋山竜次（ロバート）、ベッキー、ハライチ、向井慧（パンサー）、阿佐ヶ谷姉妹、岡井千聖、バカリズム、平田敦子、野口かおる川島明（麒麟）、千鳥、中村静香、朝日奈央、都丸紗也華、本郷杏奈、岸明日香、手島優、波田陽区;2017年
520;8月26日;マジギライ芸人No.1決定戦;千鳥、西野亮廣（キングコング）、小峠英二（バイきんぐ）、品川祐（品川庄司）、ハライチ、又吉直樹（ピース）、藤本敏史（FUJIWARA）岡田結実、ロバート、小宮浩信（三四郎）、徳井健太（平成ノブシコブシ）、鈴木拓（ドランクドラゴン）、あいな、谷まりあ、筧美和子;2017年
520;8月26日;私の落とし方発表会 売れっ子女芸人SP;尼神インター、ゆりやんレトリィバァ、阿佐ヶ谷姉妹、松野明美、陣内智則、三四郎、福士誠治、大東駿介、前川泰之、岡田浩暉;2017年
521;8月27日;ゲーセワニュース2017;吉田豪、久田将義、溜口佑太朗（ラブレターズ）、森田哲矢（さらば青春の光）;2017年
522;9月3日;ゴールデン未公開SP;NA;2017年
523;9月10日;謎の若手川瀬で30分!;ゆにばーす、ウエストランド、曇天三男坊;2017年
524;9月17日;腐ってる芸人が大集合! かぶりタレントキャラ統一マッチ;岩井勇気（ハライチ）、板倉俊之（インパルス）、徳井健太（平成ノブシコブシ）;2017年
525;9月24日;黒沢と小池に友達になってほしい;黒沢かずこ（森三中）、小池美由、入澤優、エヴァンス未希、いかちゃん;2017年
526;10月1日;第3回エロカッコつけ芸人は誰だ!? セクシードッキリ検証;斉藤慎二（ジャングルポケット）、ラブレターズ、小島みなみ;2017年
527;10月8日;激ヤバ未公開映像解禁SP;NA;2017年
528;10月15日;第3回 芝居ヤバい芸人No.1決定戦;本郷杏奈、ネゴシックス、尾形貴弘（パンサー）、野波麻帆;2017年
529;10月22日;ナイツ土屋改造計画!;土屋伸之（ナイツ）、千鳥;2017年
530;10月29日;上品芸人ハメ外しクラブ2017;川島明（麒麟）、澤部佑（ハライチ）;2017年
531;11月5日;第8回コンビ愛確かめ選手権;NON STYLE、三四郎、さらば青春の光;2017年
532;11月12日;第8回コンビ愛確かめ選手権;NON STYLE、三四郎、さらば青春の光;2017年
533;11月19日;第6回ジジイ芸人キレ悪検証テスト;児嶋一哉（アンジャッシュ）、藤本敏史（FUJIWARA）、西村ヒロチョ、いかちゃん、ジョイマン、虹のコンキスタドールファミリー;2017年
534;11月26日;第2回ケンカ＆ダンスグランプリ;田中卓志（アンガールズ）、野沢春日、璃乃、はるぽよ、エヴァンス未希、白川未奈;2017年
535;12月2日;矢作のアイドル大作戦！エビ中ひなたの公式おじいちゃんになりたい;私立恵比寿中学、岩井勇気（ハライチ）;2017年
536;12月9日;マジギライ1/5;コロコロチキチキペッパーズ、Pちゃん、結子、水咲優美、mone、香川沙耶;2017年
537;12月16日;第10回オオギリッシュNIGHT;川島明（麒麟）、バカリズム、ケンドーコバヤシ、くっきー（野性爆弾）、神部美咲、松岡音々、朝香りほ;2017年
538;12月23日;打倒松丸 野呂朝日プロデュース;くっきー（野性爆弾）;2017年
539;1月1日;第15回芸人マジ歌選手権SP;バナナマン、東京03、ハライチ、バカリズム、春日俊彰（オードリー）、カミナリAMEMIYA、青山はな、きみと歩実、紺野ひかる、平岡里枝子、松本菜奈実ヒャダイン、ビビる大木、内田理央;2018年
540;1月7日;2017年下半期総決算スペシャル;私立恵比寿中学、澤部佑（ハライチ）、葉月美音;2018年
541;1月14日;西野VS劇団ひとり 完全決着SP;西野亮廣（キングコング）;2018年
542;1月21日;炎上上等!このツイッターが心配;アルコ&ピース、呂布カルマ、長嶺あずさ（川崎純情小町☆）、鏡星、吉田豪;2018年
543;1月28日;第9回イチャまんグランプリ;ミキ、さらば青春の光、戸田真琴、初川みなみ;2018年
544;2月4日;腐り芸人セラピー;岩井勇気（ハライチ）、板倉俊之（インパルス）、徳井健太（平成ノブシコブシ）井口浩之（ウエストランド）、加納愛子（Aマッソ）、鬼越トマホーク、青山めぐ;2018年
545;2月11日;腐り芸人セラピー;岩井勇気（ハライチ）、板倉俊之（インパルス）、徳井健太（平成ノブシコブシ）井口浩之（ウエストランド）、加納愛子（Aマッソ）、鬼越トマホーク、青山めぐ;2018年
546;2月17日;第3回ネタギリッシュNIGHT;ライス、しずる、ジョイマン、アルコ＆ピース、神部美咲、葉月あや、三田寺理紗;2018年
547;2月24日;腐りグラドルグランプリ;戸田れい、鈴木咲、清水あいり、金子智美、白川未奈;2018年
548;3月3日;芸能界ストイック暗記王18;三四郎、秋山竜次（ロバート）、山本博（ロバート）、東京03、山内健司（かまいたち）小田あさ美、桜井未来、加納葉月、青山めぐ、にゃんこスター;2018年
549;3月10日;芸能界ストイック暗記王18;三四郎、秋山竜次（ロバート）、山本博（ロバート）、東京03、山内健司（かまいたち）小田あさ美、桜井未来、加納葉月、青山めぐ、にゃんこスター;2018年
550;3月17日;川島スリー;くっきー（野性爆弾）、川島明（麒麟）;2018年
551;3月24日;ニュースター誕生&衝撃映像SP;NA;2018年
552;3月31日;キス我慢選手権2018;小宮浩信（三四郎）、吉高寧々;2018年
553;4月7日;キス我慢選手権2018;ナダル （コロコロチキチキペッパーズ）、初川みなみ;2018年
554;4月14日;第9回コンビ愛確かめ選手権;カミナリ、平成ノブシコブシ、和牛;2018年
555;4月21日;第9回コンビ愛確かめ選手権;カミナリ、平成ノブシコブシ、和牛;2018年
556;4月28日;横アリにわしも出させてぇな! ジェッタシーアレンジ発表会やで～!;後藤輝基（フットボールアワー）;2018年
557;5月5日;野呂VS朝日 仲直りフレンドパーク;NA;2018年
558;5月12日;特別企画かずこデトックス;黒沢かずこ（森三中）、小池美由;2018年
559;5月19日;第2回腐り芸人セラピー;岩井勇気（ハライチ）、板倉俊之（インパルス）、徳井健太（平成ノブシコブシ）岡野陽一、ニューヨーク、鬼越トマホーク;2018年
560;5月26日;ひなたよ矢作が欲しければ小木を超えてみろ!;私立恵比寿中学、岩井勇気（ハライチ）;2018年
561;6月3日;第4回芝居ヤバい芸人No.1決定戦;ネゴシックス、本郷杏奈、ロッシー（野性爆弾）;2018年
562;6月10日;このアイドル知ってんのか!? 2018;アルコ&ピース、吉田豪、南波一海兎遊、せるふちゃいなしすてむ、眉村ちあき、伊藤麻希;2018年
563;6月17日;本郷杏奈、お前は何が出来るんだ!;本郷杏奈、ミラクルひかる、谷桃子;2018年
564;6月24日;マジ歌ライブ2018in横浜アリーナ;バナナマン、東京03、ハライチ、ラブレターズ、千葉雄大、秋山竜次（ロバート）、DA PUMP、バカリズム、手島優、阿由葉あみ、小倉由菜、きみと歩実、松本菜奈実、ベッキー、ダイノジ、カミナリ、小池美由、後藤輝基（フットボールアワー）、ひょっこりはん、GO!皆川、私立恵比寿中学、AMEMIYA;2018年
565;7月1日;マジ歌ライブ2018in横浜アリーナ;バナナマン、東京03、ハライチ、ラブレターズ、千葉雄大、秋山竜次（ロバート）、DA PUMP、バカリズム、手島優、阿由葉あみ、小倉由菜、きみと歩実、松本菜奈実、ベッキー、ダイノジ、カミナリ、小池美由、後藤輝基（フットボールアワー）、ひょっこりはん、GO!皆川、私立恵比寿中学、AMEMIYA;2018年
566;7月8日;この若手知ってんのか!? 2018;アルコ&ピース、小島気奈宮下草薙、きしたかの、あがすけ、EXIT、ニッキューナナ、ハナイチゴ、ソノヘンノ女、ナイチンゲールダンス、四千頭身;2018年
567;7月15日;この若手知ってんのか!? 2018;アルコ&ピース、小島気奈宮下草薙、きしたかの、あがすけ、EXIT、ニッキューナナ、ハナイチゴ、ソノヘンノ女、ナイチンゲールダンス、四千頭身;2018年
568;7月22日;誕生！川島スリー;くっきー（野性爆弾）、川島明（麒麟）;2018年
569;7月29日;ゲラ女王決定戦;三四郎、神宮寺しし丸西原愛夏、久松かおり、真奈、阿久津真央、神部美咲、彩希エリナ、遠山茜子、桃咲あや;2018年
570;8月5日;第11回オオギリッシュNIGHT;バカリズム、秋山竜次（ロバート）、川島明（麒麟）、大悟（千鳥）神部美咲、メイリ、高橋かな;2018年
571;8月12日;私の落とし方発表会;川村エミコ（たんぽぽ）、有村藍里、阿佐ヶ谷姉妹、田中卓志（アンガールズ）;2018年
572;8月19日;キャラ崩壊寸前！？暴走シーンSP;-;2018年
573;8月26日;ウソつけない女オーディション;石原由希（IDO★HOLIC）、永井すみれ、MAICA、鎌沢朋佳;2018年
574;9月2日;第3回腐り芸人セラピー;岩井勇気（ハライチ）、板倉俊之（インパルス）、徳井健太（平成ノブシコブシ）、ダイアン、村上健志（フルーツポンチ）;2018年
575;9月9日;第4回ネタギリッシュNIGHT;じゅんいちダビッドソン、紺野ぶるま、マツモトクラブ、とにかく明るい安村、ヒロシ、神部美咲、大貫彩香、真奈;2018年
576;9月16日;芸能界ストイック暗記王19;和牛、板倉俊之（インパルス）、黒沢かずこ（森三中）、小田あさ美、加納葉月、青山めぐ;2018年
577;9月23日;芸能界ストイック暗記王19;和牛、板倉俊之（インパルス）、黒沢かずこ（森三中）、小田あさ美、加納葉月、青山めぐ;2018年
578;9月30日;スナック眉村ちあき;眉村ちあき、EXIT、本郷杏、村上健志（フルーツポンチ）、品川祐（品川庄司）;2018年
579;10月7日;遂に復活！松丸アナ伝説(秘)名場面;野呂佳代、朝日奈央;2018年
580;10月14日;松丸 育児休業明け復活祭;野呂佳代、朝日奈央、西村瑞樹（バイきんぐ）;2018年
581;10月21日;第10回コンビ愛確かめ選手権;南海キャンディーズ、ダイアン、コロコロチキチキペッパーズ;2018年
582;10月28日;第10回コンビ愛確かめ選手権;南海キャンディーズ、ダイアン、コロコロチキチキペッパーズ;2018年
583;11月4日;劇団ひとりVS西野 もう一度嫌いになろう!;西野亮廣（キングコング）;2018年
584;11月11日;第7回ジジイ芸人キレ悪検証テスト;朝日奈央、カミナリ、EXIT、ソノヘンノ女、伊藤桃々、若林萌々;2018年
585;11月18日;スベりたくない!SP;NA;2018年
586;11月25日;スナック眉村ちあき2;眉村ちあき、さらば青春の光、飯塚悟志（東京03）、中村マネージャー、手島優;2018年
587;12月2日;マジギライ1/5;ジャングルポケット、神崎紗衣、エア、川上愛、鎌沢朋佳;2018年
588;12月9日;芝居ヤバイ芸人決定戦;ネゴシックス、本郷杏、いかちゃん、遠山茜子、園都、石岡真衣;2018年
589;12月16日;松丸野呂朝日プロデュース王決定戦;野呂佳代、朝日奈央、バカリズム;2018年
590;12月28日;第16回芸人マジ歌選手権SP;バナナマン、東京03、秋山竜次（ロバート）、ハライチ、後藤輝基（フットボールアワー）、野性爆弾ISSA（DA PUMP）、池田美優、ノブ（千鳥）、吉村崇（平成ノブシコブシ）、アルコ&ピース、野呂佳代、朝日奈央;2018年
591;1月6日;ウソつけない女アイドルグループ結成;石原由希、永井すみれ、鎌沢朋佳、朝日奈央;2019年
592;1月13日;フルポン村上の自分探しに付き合ってあげよう;村上健志（フルーツポンチ）;2019年
593;1月20日;新春エロかるたを作ろう;森田哲矢（さらば青春の光）、紺野ぶるま、石原由希、永井すみれ、鎌沢朋佳、野呂佳代;2019年
594;1月27日;第10回イチャまんグランプリ;ハナコ、チョコレートプラネット、かまいたち、篠田ゆう、小倉由菜、小島みなみ;2019年
595;2月2日;トリオ愛確かめ選手権;東京03、パンサー、ジャングルポケット;2019年
596;2月9日;トリオ愛確かめ選手権;東京03、パンサー、ジャングルポケット、花咲れあ、霜月のあ、源藤アイリ;2019年
597;2月16日;このツイッターが心配だ 2019;アルコ&ピース、望月める、マシンガンズ、井口浩之（ウエストランド）、香椎かてぃ（ZOC)、吉田豪;2019年
598;2月23日;第12回オオギリッシュNIGHT;ケンドーコバヤシ、くっきー（野性爆弾）、バカリズム、川島明（麒麟）、神部美咲、源藤アイリ、真奈;2019年
599;3月3日;結婚引退 谷桃子メモリアルSP;NA;2019年
600;3月10日;第5回バカヤロウ徒競走;ダイアン、コロコロチキチキペッパーズ、野呂佳代、パンサー;2019年
601;3月17日;第5回バカヤロウ徒競走;ダイアン、コロコロチキチキペッパーズ、野呂佳代、パンサー;2019年
602;3月24日;第4回腐り芸人セラピー インパルス復活SP;インパルス、岩井勇気（ハライチ）、徳井健太（平成ノブシコブシ）;2019年
603;3月31日;汗と涙のガチンコ勝負SP;NA;2019年
604;4月7日;ゴッドタン三者面談;三四郎、EXIT、小池美由、本郷杏、朝日奈央、野呂佳代;2019年
605;4月14日;第1回芸人マジ芝居選手権;ハナコ、‎斉藤慎二（ジャングルポケット）、鈴木浩介、アンジェリカ、源藤アイリ、森みはる;2019年
606;4月21日;スナック眉村ちあき3;眉村ちあき、宮下草薙、ジャングルポケット;2019年
607;5月5日;スナック眉村ちあき3;眉村ちあき、宮下草薙、ジャングルポケット、東京03;2019年
607;5月5日;超身内サテライト;朝日奈央、手島優、中村マネージャー;2019年
608;5月12日;芸人ラジオサミット 〜次世代を担うスター候補SP〜;ハライチ、アルコ&ピース、Creepy Nuts、野呂佳代;2019年
609;5月19日;第5回ネタギリッシュNIGHT;インポッシブル、トム・ブラウン、ルシファー吉岡、プラス・マイナス、花咲れあ、みうらうみ、神部美咲、野呂佳代;2019年
610;5月26日;お笑いを存分に語れるBAR;飯塚悟志（東京03）、田中卓志（アンガールズ）、岡部大・秋山寛貴（ハナコ）、あいな、神部美咲;2019年
611;6月9日;Truthの公式お兄ちゃんオーディション 前編;石原由希、永井すみれ、TOMOKA、ダイアン;2019年
612;6月16日;マジギライ1/5;かまいたち、天竺鼠、久保田かずのぶ（とろサーモン）、白川未奈、小島みゆ、あいな;2019年
613;6月22日;ネタギリッシュNIGHT チャンピオン大会;タイムマシーン3号、ザ・ギース、ジョイマン、AMEMIYA、チョコレートプラネット、プラス・マイナス、マツモトクラブ、さらば青春の光、手島優、野呂佳代、和地つかさ、神部美咲;2019年
614;6月30日;ネタギリッシュNIGHT チャンピオン大会;タイムマシーン3号、ザ・ギース、ジョイマン、AMEMIYA、チョコレートプラネット、プラス・マイナス、マツモトクラブ、さらば青春の光、手島優、野呂佳代、和地つかさ、神部美咲;2019年
615;7月7日;Truthの公式お兄ちゃんオーディション 後編;石原由希、永井すみれ、TOMOKA、銀シャリ、チョコレートプラネット、タイムマシーン3号;2019年
616;7月14日;この若手知ってんのか!?2019;三四郎、朝日奈央、児島気奈、令和ロマン、かが屋、ティモンディ、パラダイスメン、スタンダップコーギー、空気階段、ガーリィレコードチャンネル、フワちゃん;2019年
617;7月21日;この若手知ってんのか!?2019;三四郎、朝日奈央、児島気奈、令和ロマン、かが屋、ティモンディ、パラダイスメン、スタンダップコーギー、空気階段、ガーリィレコードチャンネル、フワちゃん;2019年
618;7月28日;アイドル飲み姿カワイイGP7;野呂佳代、橋本梨菜、源藤アンリ、日野麻衣;2019年
619;8月4日;このグラビアアイドル知ってんのか!? 2019;平子祐希（アルコ&ピース）、たかし（トレンディエンジェル）、朝日奈央、小林司、呂布カルマ、倉持由香葉月つばさ、菜乃花、AKO、真島なおみ;2019年
620;8月11日;第5回腐り芸人セラピー;岩井勇気（ハライチ）、板倉俊之（インパルス）、徳井健太（平成ノブシコブシ）、野呂佳代、うしろシティ、辰巳奈都子、金田哲（はんにゃ）;2019年
621;8月18日;ナツカシッシュNIGHT;小沢一敬（スピードワゴン）、くっきー（野性爆弾）、ケンドーコバヤシ、バカリズム、磯山さやか、みうらうみ、青山明日香;2019年
622;8月25日;〇〇はじめました選手権;AMEMIYA、空気階段、鬼越トマホーク、さらば青春の光、おたけ（ジャングルポケット）、宮下草薙、朝日奈央;2019年
623;9月1日;〇〇はじめました選手権 後半戦;AMEMIYA、空気階段、鬼越トマホーク、さらば青春の光、おたけ（ジャングルポケット）、宮下草薙、朝日奈央;2019年
623;9月1日;芸人ラジオサミット & 腐り芸人セラピー 未公開;NA;2019年
624;9月8日;東京03飯塚に友達を作ろう;飯塚悟志（東京03）、フワちゃん、ティモンディ、真島なおみ、金田哲（はんにゃ）、朝日奈央;2019年
625;9月15日;芸能界ストイック暗記王20;インパルス、EXIT、斉藤慎二（ジャングルポケット）、朝日奈央;2019年
626;9月22日;芸能界ストイック暗記王20;インパルス、EXIT、ジャングルポケット、朝日奈央、眉村ちあき;2019年
627;9月29日;お笑いを存分に語れるBAR2;飯塚悟志（東京03）、ナイツ、かまいたち、小沢一敬（スピードワゴン）、あいな;2019年
628;10月6日;マジギライ1/5;アルコ&ピース、タイムマシーン3号、あいな、椿原愛、徳田祐里、長友郁真;2019年
629;10月13日;ゲラ女王決定戦;三四郎、スタンダップコーギー、神宮寺しし丸、野呂佳代森田聖奈、出口亜梨沙、高萩千夏（アップアップガールズ（2））、青科まき;2019年
629;10月13日;AMEMIYAから重大発表!;AMEMIYA、朝日奈央;2019年
630;10月20日;Truthの公式お兄ちゃんオーディション;石原由希、永井すみれ、TOMOKA、サンシャイン池崎、向井慧（パンサー）;2019年
