date;title;guest;link
2019-10-17;ラップ大好き芸人;アンジャッシュ渡部＆レイザーラモンRG＆マテンロウ・アントニー＆あばれる君＆とろサーモン久保田＆シソンヌ長谷川＆カミナリ＆狩野英孝＆フットボールアワー後藤;NA
2019-10-10;～クセがすごい女性グループ～ BiSHドハマり芸人;"千鳥ノブ ＆ 学天即・奥田 ＆ アインシュタイン稲田 ＆ 平成ノブシコブシ徳井 ＆ タイムマシーン３号・関 ＆ アルコ&amp;ピース酒井＆ 宮下草薙・宮下＆土田晃之 ＆ 千鳥・大悟 ＆ 吉岡里帆＆<font color=""#ff0000"">＊ABCテレビ：10/12（土）1500-1600放送です</font>";NA
2019-10-03;オジさんたち〜シーズン２;博多華丸・大吉＆中川家＆ずん飯尾＆おぎやはぎ小木＆カンニング竹山＆麒麟・川島＆池田美優;NA
2019-09-26;ツッコミ芸人が選ぶ このツッコミがすごい！</br><mark>Ametalk 吐槽艺人所选「这个吐槽厉害」 190926</mark>;博多大吉＆ナイツ土屋＆霜降り明星・粗品＆パンサー向井＆かまいたち濱家＆バイきんぐ小峠＆中川家・礼二＆ナイツ塙＆博多華丸;<a href='/post/2019-10-01-190926-69542011'>LINK</a>
2019-09-20;アメトーーク！ゴールデン3時間SP</br><mark>Ametalk 难以留下深刻印象艺人 190919</mark>;"<b>①踊りたくない芸人</b>＆千原ジュニア＆陣内智則＆千鳥・大悟＆三四郎・小宮＆カミナリ・竹内＆宮下草薙・草薙＆FUJIWARA藤本＆指原莉乃＆三代目J SOUL BROTHERS・山下健二郎＆ロンドンブーツ１号２号・田村淳＆<b>②チョコレート大好き芸人</b>＆チュートリアル徳井＆スピードワゴン小沢＆麒麟・川島＆FUJIWARA藤本＆かまいたち山内＆ゆりやんレトリィバァ＆タイーク金井＆アンタッチャブル山崎＆倉科カナ＆陣内智則＆<b>③キャンプたのしい芸人</b>＆バイきんぐ西村＆ヒロシ＆千原ジュニア＆バカリズム＆うしろシティ阿諏訪＆じゅんいちダビッドソン＆たけだバーベキュー＆狩野英孝＆葵わかな＆東野幸治＆<b><span style=""font-size: 18px;""><font color=""#ff00ff"">9</font>月<font color=""#ff00ff"">20</font>日<font color=""#ff00ff"">（金）</font>よる<font color=""#ff00ff"">7</font>時から！！</span></b>＆<b><span style=""font-size: 18px;"">お楽しみに！！</span></b>";<a href='/post/2019-09-21-190919-68505455'>LINK</a>
2019-09-19;イマイチ印象残らない芸人</br><mark>Ametalk 难以留下深刻印象艺人 190919</mark>;相席スタート山添＆かまいたち濱家＆ナイツ土屋＆ロッチ・コカド＆ロバート山本＆ジャングルポケット太田＆三四郎・相田＆サバンナ高橋＆博多大吉;<a href='/post/2019-09-21-190919-68505455'>LINK</a>
2019-09-19;イマイチ印象残らない芸人</br><mark>Ametalk 难以留下深刻印象艺人 190919</mark>;相席スタート山添＆かまいたち濱家＆ナイツ土屋＆ロッチ・コカド＆ロバート山本＆ジャングルポケット太田＆三四郎・相田＆サバンナ高橋＆博多大吉;<a href='/post/2019-09-21-190919-68505455'>LINK</a>
2019-09-12;私生活芸人っぽい芸人;千鳥・大悟＆納言・薄幸＆見取り図・盛山＆岡野陽一＆空気階段・鈴木＆ロバート山本＆FUJIWARA原西＆アンジャッシュ渡部;NA
2019-09-05;こち亀芸人;ナイツ塙＆バカリズム＆麒麟・川島＆かまいたち山内＆ケンドーコバヤシ＆インポッシブル・ひるちゃん＆三四郎・小宮＆三日月マンハッタン仲嶺＆ベッキー＆東野幸治;NA
2019-08-29;顔面イケてない芸人;アンガールズ田中＆アインシュタイン稲田＆宮下草薙・草薙＆さらば青春の光・森田＆ダイアン・ユースケ＆ロビンソン北澤＆GAG宮戸＆ZAZY＆ケンドーコバヤシ＆フットボールアワー後藤;NA
2019-08-22;今コレを伝えたい!! ピンポイントアカデミー大賞;サバンナ高橋＆チュートリアル徳井＆おかずクラブ・オカリナ＆ガンバレルーヤ・よしこ＆納言・薄幸;NA
2019-08-15;8/15のアメトーーク！はお休みです;8/15よる１１：５０～は＆【テレビ千鳥スペシャル】をお送りします！＆次回のアメトーーク！は22日（木）です。＆お楽しみに！！;NA
2019-08-08;もっと売れたい芸人;"アルコ＆ピース平子 ＆ 相席スタート山添 ＆ 宮下草薙 ＆ 見取り図 ＆ かが屋 ＆ 納言 ＆ Gパンパンダ＆<span style=""color: rgb(255, 0, 0);"">＊よる１１：５０～放送です！</span>";NA
2019-08-01;スポーツ推薦芸人;パンサー尾形＆ココリコ遠藤＆平野ノラ＆ロッチ中岡＆ジャングルポケット太田＆カミナリ・たくみ＆ティモンディ;NA
2019-07-25;稲ちゃんカッコイイ芸人</br><mark>AMETALK 稻酱好帅气艺人 190725</mark>;アインシュタイン稲田＆千原ジュニア＆ケンドーコバヤシ＆かまいたち山内＆藤崎マーケット＆アキナ＆千鳥＆アインシュタイン河井;<a href='/post/2019-09-03-190725-66488595'>LINK</a>
2019-07-11;喫茶店大好き芸人;ロバート秋山＆ピース又吉＆千原ジュニア＆中川家・剛＆佐久間一行＆ずん飯尾＆ダーリンハニー長嶋＆フットボールアワー後藤;NA
2019-07-04;パクリたいー１グランプリ;アンタッチャブル山崎＆FUJIWARA藤本敏史＆千鳥＆霜降り明星＆やわら＆チョコレートプラネット＆ヒガシ逢ウサカ＆とろサーモン＆トム・ブラウン＆永野;NA
2019-06-27;ネタ書いてない芸人</br><mark>20190627 AMETALK ｢不写段子艺人｣ ★镰鼬(talk cut)</mark>;かまいたち＆ダイアン＆アンガールズ＆コロコロチキチキペッパーズ＆ジャングルポケット;<a href='/post/2019-06-30-190627-57313949'>LINK</a>
2019-06-20;立ちトーーク</br><mark>190620 Ametalk 站立talk</mark>;中川家＆宮下草薙・草薙＆品川庄司・品川＆空気階段・鈴木＆小籔千豊＆フットボールアワー後藤＆バカリズム＆麒麟・川島＆四千頭身・後藤;<a href='/post/2019-07-01-190620-57396545'>LINK</a>
2019-06-13;豆腐大好き芸人</br><mark>190613 Ametalk 最爱豆腐艺人</mark>;博多華丸＆ケンドーコバヤシ＆オアシズ大久保＆アンジャッシュ渡部＆ブルゾンちえみ＆銀シャリ橋本＆飯豊まりえ;<a href='/post/2019-06-17-190613-55846160'>LINK</a>
2019-06-06;先輩？後輩？芸歴ハッキリさせよう</br><mark>190606 Ametalk 前辈？后辈？把艺龄理清楚！</mark>;かまいたち＆あばれる君＆阿佐ヶ谷姉妹・渡辺＆カミナリ竹内＆宮下草薙・草薙＆ジャングルポケット斉藤＆トム・ブラウン＆霜降り明星＆コロコロチキチキペッパーズ・ナダル＆ゆりやんレトリィバァ＆ミキ＆相席スタート＆さらば青春の光;<a href='/post/2019-06-11-190606-55234850'>LINK</a>
2019-05-30;バラエティ観るの大好き芸人;出川哲朗＆ロッチ中岡＆ずん飯尾＆ハナコ菊田＆品川庄司・品川＆アンガールズ田中＆銀シャリ・橋本＆パンサー向井;NA
2019-05-24;"「ビビリ−１グランプリ」&amp;「鉄道ファンクラブ」";"<b><span style=""font-size: 18px;""><font color=""#ff00ff"">ビビリ−１グランプリ</font></span></b>＆千原ジュニア＆中丸雄一＆狩野英孝＆FUJIWARA藤本＆霜降り明星＆ミキ亜生＆ケンドーコバヤシ＆<font color=""#ff00ff""><span style=""font-size: 18px;""><b>鉄道ファンクラブ</b></span></font>＆中川家・礼二＆土屋礼央＆松井玲奈＆ダーリンハニー吉川＆ななめ45°岡安＆木村裕子＆南田裕介";NA
2019-05-23;芸人ベストトークセレクション;お楽しみに♪;NA
2019-05-16;サンドウィッチマン大好き芸人</br><mark>AMETALK 超喜欢三明治人艺人 190516</mark>;サンドウィッチマン＆中川家＆ナイツ＆トミドコロ＆狩野英孝＆口笛なるお;<a href='/post/2019-06-06-190516-54636555'>LINK</a>
2019-05-09;夢見るチェリー芸人;霜降り明星･粗品＆宮下草薙･草薙＆ガンバレルーヤ＆四千頭身･石橋＆やさしいズ佐伯＆ブラゴーリ鈴木＆霜降り明星せいや＆ケンドーコバヤシ;NA
2019-05-02;ありがとうイチロー芸人;アンジャッシュ渡部＆出川哲朗＆陣内智則＆中川家・礼二＆T I M・レッド吉田＆ますだおかだ岡田＆アンガールズ田中;NA
2019-04-25;芸人持ち込み企画プレゼン大会;麒麟・川島＆アキナ＆狩野英孝＆Aマッソ＆スタンダップコーギー＆岡野陽一＆金属バット;NA
2019-04-18;相方やさしい芸人</br><mark>AMETALK 相方好温柔艺人 190418</mark>;サンドウィッチマン＆ロバート＆相席スタート＆ＥＸＩＴ＆フットボールアワー;<a href='/post/2019-05-13-190418-52348112'>LINK</a>
2019-04-11;お母さん大好き芸人</br><mark>Ametalk 最喜欢母亲艺人 20190411</mark>;かまいたち濱家＆霜降り明星・粗品＆カミナリ竹内＆レインボー池田＆宮下草薙・草薙＆四千頭身・都築、後藤＆ハナコ・菊田＆パーパー・三人合わせて星野です＆中川家・礼二;<a href='/post/2019-04-18-190411-49659548'>LINK</a>
2019-04-04;アメトーーク！の放送はお休みです;"よる11：20～は＆<b><span style=""font-size: 18px;"">「テレビ千鳥　レギュラー決定記念SP」</span></b>＆をお送りします！！＆お楽しみに♪";NA
2019-03-28;釣り大好き芸人;コロコロチキチキペッパーズ・ナダル＆三代目 J SOUL BROTHERS・山下＆FUJIWARA・原西＆千原せいじ＆ダイアン津田＆ミキ・亜生＆さかな芸人ハットリ＆スピードワゴン小沢;NA
2019-03-21;ケイスケホンダ芸人;土田晃之＆ペナルティー・ワッキー＆平畠啓史＆じゅんいちダビッドソン＆ライセンス井本＆パンサー尾形＆井上マー＆アンタッチャブル山崎;NA
2019-03-21;家電芸人 ＆絵心ない芸人＆弱小部活芸人;"土田晃之＆チュートリアル徳井＆品川庄司・品川＆ユウキロック＆松橋周太呂＆かじがや卓哉＆<font color=""#ff00ff""><span style=""font-size: 18px;""><b>②絵心ない芸人</b></span>
</font>＆前田健太＆チュートリアル徳井＆陣内智則＆中川家・礼二＆ミキ亜生＆乃木坂46・堀未央奈＆ロザン宇治原＆ケンドーコバヤシ＆バカリズム＆中川翔子＆千鳥&amp;ナイツ土屋&amp;かまいたち&amp;カミナリまなぶ&amp;霜降り明星・せいや＆<b>よる11：20～
は<a href=""https://www.tv-asahi.co.jp/ametalk/lineup/1144/"" target=""_blank"">ケイスケホンダ芸人</a>です！！</b>";NA
2019-03-14;もったいない未公開集;お楽しみに！！;NA
2019-03-07;実家ビンボー芸人</br><mark>Ametalk 老家贫困艺人 20190307</mark>;"NONSTYLE石田&amp;ANZEN漫才みやぞん&amp;EXIT兼近&amp;かまいたち濱家&amp;アインシュタイン河井&amp;三秋里歩&amp;モダンタイムス川崎";<a href='/post/2019-03-16-190307-46385039'>LINK</a>
2019-02-28;立ちトーーク;千原ジュニア＆スピードワゴン井戸田＆バイきんぐ小峠＆アンタッチャブル山崎＆とろサーモン久保田＆千鳥＆アインシュタイン稲田＆狩野英孝＆やさしいズ・タイ;NA
2019-02-21;ろくでなしBLUES芸人;サンドウィッチマン＆バカリズム＆かまいたち＆デスペラード武井＆品川庄司・品川＆さらば青春の光・森田;NA
2019-02-14;高校中退芸人;千原ジュニア＆TKO木下＆紺野ぶるま＆品川庄司・品川＆EXIT兼近＆セバスチャン原田＆ソノヘンノ女・とも＆宮下草薙・草薙＆パンサー尾形＆千鳥・大悟;NA
2019-02-07;今年が大事芸人2019</br><mark>Ametalk 2019年很关键艺人 190207</mark>;かまいたち＆チョコレートプラネット＆霜降り明星＆ハナコ＆ミキ＆FUJIWARA藤本＆ロッチ中岡;<a href='/post/2019-02-10-190207-43070419'>LINK</a>
2019-01-31;ひんしゅく体験ナダル・アンビリバボー</br><mark>Ametalk 190131 纳达尔不可思议 第4弹</mark>;コロコロチキチキペッパーズ＆FUJIWARA藤本＆尼神インター渚＆ゆりやんレトリィバァ＆霜降り明星＆ジャングルポケット斉藤＆麒麟・川島＆ケンドーコバヤシ;<a href='/post/2019-02-10-190131-43115455'>LINK</a>
2019-01-24;1/24の放送はお休みです;"<b><font color=""#ff00ff"">『ひんしゅく体験 ナダル・アンビリバボー』</font>
</b>＆コロコロチキチキペッパーズ＆FUJIWARA藤本＆尼神インター渚＆ゆりやんレトリィバァ＆霜降り明星＆ジャングルポケット斉藤＆麒麟・川島＆ケンドーコバヤシ＆<b><font color=""#ff00ff"">『ろくでなしBLUES芸人』
</font></b>＆サンドウィッチマン＆バカリズム＆かまいたち＆デスペラード・武井＆品川庄司・品川＆さらば青春の光・森田＆<b><font color=""#ff00ff"">『今年が大事芸人2019』
</font></b>＆かまいたち＆チョコレートプラネット＆霜降り明星＆ハナコ＆ミキ＆FUJIWARA藤本＆ロッチ中岡";NA
2019-01-17;1/17の放送はお休みです;次回をお楽しみに！！;NA
2019-01-10;マネージャーと二人三脚芸人</br><mark>Ametalk 与经纪人两人三脚艺人 20190110</mark>;千鳥＆カンニング竹山＆ナイツ＆阿佐ヶ谷姉妹;<a href='/post/2019-01-15-190110-40815441'>LINK</a>
2018-12-30;アメトーーーーーーーーーーク 年末５時間スペシャル!!</br><mark>AMETALK 2018年末5小时SP 181230</mark>;"<b>(１)	運動神経悪い芸人 
</b>＆サバンナ高橋＆フットボールアワー後藤＆川田裕美＆麒麟・川島＆ナイツ塙＆ゴールデンボンバー歌広場＆笑い飯・西田＆ザブングル松尾＆東京０３豊本＆ライス田所＆レインボー池田＆BOYS AND MEN小林＆フルーツポンチ村上＆広瀬アリス＆<b>(2) iPhoneついていけない芸人
</b>＆博多華丸＆藤井隆＆中川家・礼二＆ケンドーコバヤシ＆本間朋晃＆森三中・黒沢＆友近＆FUJIWARA藤本＆かじがや卓哉＆サバンナ高橋＆<b>(3)マセキ３兄弟
</b>＆出川哲朗＆狩野英孝＆三四郎・小宮＆勝俣州和＆有吉弘行＆土田晃之＆バカリズム＆FUJIWARA藤本＆<b>(4)アメトーーク大賞</b>＆出川哲朗＆サンドウィッチマン＆中川家・礼二＆ブラックマヨネーズ小杉＆フットボールアワー後藤＆有吉弘行＆アンジャッシュ渡部＆アンタッチャブル山崎＆千鳥＆ガンバレルーヤ・まひる＆霜降り明星・せいや＆スーパーマラドーナ田中＆四千頭身・後藤＆宮下草薙・草薙＆アンガールズ田中＆ジャングルポケット斉藤＆品川庄司・品川＆FUJIWARA藤本＆<font color=""#ff00ff""><span style=""font-size: 18px;""><b>12月30日よる6時30分から</b></span></font>＆<font color=""#ff00ff""><span style=""font-size: 18px;""><b>「アメトーーーーーーーーーーク 年末５時間スペシャル!!」</b></span></font>＆<font color=""#ff00ff""><span style=""font-size: 18px;""><b>お楽しみに♪</b></span></font>";<a href='/post/2019-02-04-181230-42601089'>LINK</a>
2018-12-20;12/30放送 5時間SPの見所＆直前対策予習!!;お楽しみに♪;NA
2018-12-13;アメトーーク！スピンオフ ホリケンふれあい旅 にんげんっていいな♪;堀内健＆ 弘中綾香（テレビ朝日アナウンサー）＆出川哲朗＆早見あかり＆土田晃之＆FUJIWARA藤本＆Wエンジン・チャンカワイ;NA
2018-12-06;もっとやれるはずだったのに…2018反省会;"品川庄司&amp;ダイアン&amp;さらば青春の光&amp;パンサー&amp;ザブングル";NA
2018-11-29;激動の同期芸人</br><mark>Ametalk 动荡的同期艺人 20181129</mark>;キングコング＆ＮＯＮＳＴＹＬＥ＆平成ノブシコブシ＆とろサーモン久保田＆ダイアン＆大西ライオン＆なかやまきんに君;<a href='/post/2018-12-07-181129-37599299'>LINK</a>
2018-11-22;一人遊び大好き芸人</br><mark>Ametalk 喜欢一个人玩艺人 181122</mark>;劇団ひとり＆ロバート秋山＆平野ノラ＆ケンドーコバヤシ＆ナイツ土屋＆チョコレートプラネット長田＆パーパー・三人合わせて星野です＆唐田えりか;<a href='/post/2019-08-21-181122-64645281'>LINK</a>
2018-11-15;スニーカー芸人;マテンロウ・アントニー＆佐藤隆太＆レイザーラモン・RG＆カミナリ・たくみ＆かまいたち山内＆ダイノジ大地＆シソンヌ長谷川＆グッドウォーキン上田;NA
2018-11-08;元々ボケやってたツッコミ芸人</br><mark>Ametalk 原本是装傻的吐槽艺人 20181108</mark>;かまいたち濱家＆フットボールアワー後藤＆オードリー若林＆バイきんぐ小峠＆ロッチ・コカド＆パンサー向井＆FUJIWARA藤本＆オードリー春日＆かまいたち山内;<a href='/post/2018-11-11-181108-35716153'>LINK</a>
2018-11-01;立ちトーーク;"博多華丸＆バカリズム＆ナイツ塙＆さらば青春の光＆フットボールアワー後藤＆ノンスタイル石田＆メイプル超合金・カズレーザー＆銀シャリ橋本＆きつね＆<font color=""#ff00ff"">＊ABCテレビでは11月3日（土）午後１：５５～放送します</font>";NA
2018-10-25;芸人ドラフト会議</br><mark>Ametalk 第6次艺人选秀会议 181025</mark>;"おぎやはぎ矢作 &amp; さまぁ～ず三村 &amp; 出川哲朗 &amp; 陣内智則";<a href='/post/2019-09-14-181025-67711712'>LINK</a>
2018-10-18;人見知り芸人</br><mark>AMETALK 怕生艺人 20181018</mark>;"かまいたち山内&amp;滝沢カレン&amp;おかずクラブ・オカリナ&amp;三四郎・小宮&amp;ダイアン西澤&amp;四千頭身・後藤&amp;ジャルジャル福徳&amp;宮下草薙・草薙＆オードリー若林";<a href='/post/2018-10-24-181018-34504000'>LINK</a>
2018-10-11;相方向上心ない芸人</br><mark>Ametalk 搭档没有上进心艺人 181011</mark>;バイきんぐ＆三四郎＆ガリットチュウ＆スーパーマラドーナ＆ジャングルポケット＆＊よる１１：３５～放送です。;<a href='/post/2018-10-15-181011-33861780'>LINK</a>
2018-10-05;「踊りたくない芸人」「Mr.Children芸人」「親がよくテレビ出る芸人」</br><mark>AMETALK 谢谢你品川 181004</mark>;"<span style=""font-size: 18px;""><b><font color=""#ff00ff"">『踊りたくない芸人』
</font></b></span>＆千原ジュニア＆陣内智則＆ロンブー亮＆千鳥・大悟＆カミナリ竹内＆三四郎・小宮＆ジャルジャル後藤＆千鳥ノブ＆陣内智則＆サバンナ高橋＆和牛・川西＆Ｗエンジン・チャンカワイ＆祇園・櫻井＆タケト＆ガーリィレコード高井＆<span style=""font-size: 18px;""><font color=""#ff00ff""><b>『親がよくテレビ出る芸人』
</b></font></span>＆よゐこ濱口＆ココリコ遠藤＆FUJIWARA藤本＆品川庄司・品川＆カミナリ石田＆ロッチ中岡＆スリムクラブ内間";<a href='/post/2018-10-20-181004-34209617'>LINK</a>
2018-10-05;「踊りたくない芸人」「Mr.Children芸人」「親がよくテレビ出る芸人」</br><mark>AMETALK 父母经常上电视艺人 181005</mark>;"<span style=""font-size: 18px;""><b><font color=""#ff00ff"">『踊りたくない芸人』
</font></b></span>＆千原ジュニア＆陣内智則＆ロンブー亮＆千鳥・大悟＆カミナリ竹内＆三四郎・小宮＆ジャルジャル後藤＆千鳥ノブ＆陣内智則＆サバンナ高橋＆和牛・川西＆Ｗエンジン・チャンカワイ＆祇園・櫻井＆タケト＆ガーリィレコード高井＆<span style=""font-size: 18px;""><font color=""#ff00ff""><b>『親がよくテレビ出る芸人』
</b></font></span>＆よゐこ濱口＆ココリコ遠藤＆FUJIWARA藤本＆品川庄司・品川＆カミナリ石田＆ロッチ中岡＆スリムクラブ内間";<a href='/post/2018-12-29-181005-39275479'>LINK</a>
2018-10-05;「踊りたくない芸人」「Mr.Children芸人」「親がよくテレビ出る芸人」</br><mark>Ametalk 不想跳舞艺人 181005</mark>;"<span style=""font-size: 18px;""><b><font color=""#ff00ff"">『踊りたくない芸人』
</font></b></span>＆千原ジュニア＆陣内智則＆ロンブー亮＆千鳥・大悟＆カミナリ竹内＆三四郎・小宮＆ジャルジャル後藤＆千鳥ノブ＆陣内智則＆サバンナ高橋＆和牛・川西＆Ｗエンジン・チャンカワイ＆祇園・櫻井＆タケト＆ガーリィレコード高井＆<span style=""font-size: 18px;""><font color=""#ff00ff""><b>『親がよくテレビ出る芸人』
</b></font></span>＆よゐこ濱口＆ココリコ遠藤＆FUJIWARA藤本＆品川庄司・品川＆カミナリ石田＆ロッチ中岡＆スリムクラブ内間";<a href='/post/2019-08-19-181005-64359425'>LINK</a>
2018-10-04;ありがとう品川～嫌われ者に救われた芸人たち～</br><mark>AMETALK 谢谢你品川 181004</mark>;品川庄司・品川祐＆出川哲朗＆狩野英孝＆ロッチ中岡＆フルーツポンチ村上＆インパルス板倉＆はんにゃ金田＆小島よしお＆ジャングルポケット太田・斉藤＆バカリズム;<a href='/post/2018-10-20-181004-34209617'>LINK</a>
2018-10-04;ありがとう品川～嫌われ者に救われた芸人たち～</br><mark>AMETALK 父母经常上电视艺人 181005</mark>;品川庄司・品川祐＆出川哲朗＆狩野英孝＆ロッチ中岡＆フルーツポンチ村上＆インパルス板倉＆はんにゃ金田＆小島よしお＆ジャングルポケット太田・斉藤＆バカリズム;<a href='/post/2018-12-29-181005-39275479'>LINK</a>
2018-10-04;ありがとう品川～嫌われ者に救われた芸人たち～</br><mark>Ametalk 不想跳舞艺人 181005</mark>;品川庄司・品川祐＆出川哲朗＆狩野英孝＆ロッチ中岡＆フルーツポンチ村上＆インパルス板倉＆はんにゃ金田＆小島よしお＆ジャングルポケット太田・斉藤＆バカリズム;<a href='/post/2019-08-19-181005-64359425'>LINK</a>
2018-09-27;10.5金曜3時間ＳＰ直前対策;おたのしみに！！;NA
2018-09-20;意外に仲いい芸人;出川哲朗＆ロッチ中岡＆土田晃之＆古坂大魔王＆おぎやはぎ矢作＆超新塾アイク＆ウーマンラッシュアワー・中川パラダイス＆オードリー春日;NA
2018-09-13;若手ガムシャラ芸人;パンサー尾形＆鈴木奈々＆ジャングルポケット太田・斉藤＆サンシャイン池崎＆あばれる君＆ミキ昴生;NA
2018-09-06;田中かわいい芸人;アンガールズ田中＆有吉弘行＆アンガールズ山根＆おぎやはぎ小木＆アンタッチャブル山崎＆シソンヌ長谷川＆平野ノラ＆平成ノブシコブシ吉村;NA
2018-09-02;「揚げ物大好き芸人」「キャンプたのしい芸人」;"<span style=""font-size: 18px;""><b><font color=""#0000ff"">9/2（日）よる6：57から２時間拡大版！！</font></b></span>＆<span style=""font-size: 18px;""><b><font color=""#ff00ff"">「揚げ物大好き芸人」
</font></b></span>＆ブラックマヨネーズ小杉＆サンドウィッチマン＆渡辺直美＆アンタッチャブル山崎＆ジャングルポケット斉藤＆アンジャッシュ渡部＆<span style=""font-size: 18px;""><b><font color=""#ff00ff"">「キャンプたのしい芸人」
</font></b></span>＆バイきんぐ西村＆ヒロシ＆千原ジュニア＆フットボールアワー後藤＆うしろシティ阿諏訪＆たけだバーベキュー＆天津・木村";NA
2018-08-30;悲しきチャンピオン芸人;"銀シャリ&amp;パンクブーブー&amp;三浦マイルド&amp;ライス&amp;コロコロチキチキペッパーズ＆麒麟・川島";NA
2018-08-23;ＷＷＥ芸人Ⅱ</br><mark>Ametalk 180823 WWE艺人2</mark>;"麒麟・川島&amp;古田新太&amp;勝俣州和&amp;ケンドーコバヤシ&amp;東京ダイナマイト・ハチミツ二郎＆東京03・豊本&amp;レイザーラモンＲＧ&amp; GAG少年楽団・宮戸＆マギー";<a href='/post/2018-09-15-180823-31736933'>LINK</a>
2018-08-16;もっと売れたい芸人;ジャングルポケット太田＆チョコレートプラネット長田＆スーパーマラドーナ武智＆霜降り明星＆3時のヒロイン・かなで＆四千頭身・後藤＆ペンギンズ・ノブオ＆東京ホテイソン・たける;NA
2018-08-02;高校野球大好き芸人・延長戦 横浜高校 松坂大輔芸人</br><mark>Ametalk 180803 松坂大辅艺人</mark>;アンジャッシュ渡部＆長島三奈＆ロッチ中岡＆片岡安祐美＆ＴＩＭ・レッド吉田＆かみじょうたけし＆トータルテンボス藤田＆いけだてつや＆早出明弘;<a href='/post/2018-11-28-180803-36958285'>LINK</a>
2018-07-29;夏のアメトーーーーーク 高校野球大大大大大好き 栄冠は君に輝くＳＰ;アンジャッシュ渡部＆長島三奈＆伊藤毅＆片岡安祐美＆ＴＩＭ・レッド吉田＆アンタッチャブル山崎＆いけだてつや＆トータルテンボス藤田＆豚骨ホームラン笠川＆かみじょうたけし;NA
2018-07-26;緊急！サッカー日本代表応援芸人;土田晃之＆ペナルティ＆パンサー尾形＆ますだおかだ岡田＆アンタッチャブル山崎;NA
2018-07-12;薄毛バレたくない芸人;ブラックマヨネーズ小杉＆ナイツ塙＆ロッチ中岡＆東京03角田＆とろサーモン久保田＆ジャングルポケット斉藤＆霜降り明星せいや＆トレンディエンジェル;NA
2018-07-08;実家が農家芸人;アンガールズ田中＆emma＆カミナリ石田＆笑い飯・哲夫＆サンシャイン坂田＆ガンバレルーヤよしこ＆ハイキングウォーキング鈴木＆三四郎・小宮＆麒麟・川島;NA
2018-07-05;草野球楽しい芸人</br><mark>AMETALK 业余棒球好开心艺人 180705</mark>;チュートリアル徳井＆スピードワゴン小沢＆サンドウィッチマン伊達＆ますだおかだ増田＆トータルテンボス藤田＆天竺鼠・瀬下＆フルーツポンチ村上;<a href='/post/2018-10-10-180705-33461887'>LINK</a>
2018-06-28;ワケありトーク大放出ＳＰ;お楽しみに！;NA
2018-06-21;胸デカイ芸人;ガンバレルーヤ・まひる＆いとうあさこ＆たんぽぽ川村＆ニッチェ近藤＆相席スタート山﨑＆ゆにばーす・はら;NA
2018-06-14;将棋たのしい芸人;小籔千豊＆つるの剛士＆シャンプーハットてつじ＆乃木坂46伊藤かりん＆ペナルティー・ワッキー＆インパルス板倉＆かまいたち山内＆フルーツポンチ村上;NA
2018-06-10;徹子の部屋芸人;タカアンドトシ＆キャイ〜ン＆ロンブー亮＆友近＆古坂大魔王＆ナイツ＆次長課長＆トレンディエンジェル;NA
2018-06-07;立ちトーーク</br><mark>Ametalk 站立talk 180607</mark>;チュートリアル徳井＆麒麟・川島＆濱田祐太郎＆インパルス板倉＆ジャングルポケット太田＆ケンドーコバヤシ＆おぎやはぎ＆バイきんぐ;<a href='/post/2018-10-12-180607-33659136'>LINK</a>
2018-05-31;バイク芸人;千原ジュニア＆ヒロミ＆バイきんぐ小峠＆チュートリアル＆とろサーモン村田＆スピードワゴン井戸田＆コロコロチキチキペッパーズ・ナダル;NA
2018-05-24;HUNTER×HUNTER芸人</br><mark>Ametalk 全职猎人艺人 180524</mark>;ケンドーコバヤシ＆ドランクドラゴン塚地＆品川庄司・品川＆Kis-My-Ft2・宮田＆NON STYLE井上＆ナイツ塙＆かまいたち山内＆アンガールズ田中;<a href='/post/2018-05-26-180524-23968238'>LINK</a>
2018-05-20;ウルトラマン芸人</br><mark>AMETALK 奥特曼艺人 180520</mark>;"つるの剛士 &amp; 博多大吉 &amp; ロンドンブーツ１号２号・田村亮 &amp; 古坂大魔王 &amp; 出口博之 &amp; ナイツ土屋 &amp; 荒井義久＆榮倉奈々 / 麒麟・川島明";<a href='/post/2018-05-22-180520-23779215'>LINK</a>
2018-05-17;男女コンビ芸人</br><mark>Ametalk 男女组合艺人 20180517</mark>;"メイプル超合金&amp;相席スタート&amp;パーパー&amp;にゃんこスター&amp;まんぷくフーフー＆ケンドーコバヤシ&amp;三四郎・小宮";<a href='/post/2018-05-21-180517-23709156'>LINK</a>
2018-05-10;(仮)バラシ芸人</br><mark>Ametalk (暂定)取消艺人 20180510</mark>;品川庄司・品川祐＆麒麟・川島＆ニッチェ近藤＆FUJIWARA藤本＆インパルス板倉＆あばれる君＆パンサー尾形;<a href='/post/190306-180510-45490249'>LINK</a>
2018-05-03;緊急!!江頭2:50SP;出川哲朗＆品川庄司・品川＆原口あきまさ＆FUJIWARA藤本＆ロッチ中岡＆アンガールズ田中;NA
2018-04-29;「芸人体当たりマン決定戦」「東北楽天ゴールデンイーグルス芸人」;"<b><span style=""font-size: 18px;""><font color=""#ff00ff"">「芸人体当たりマン決定戦」
</font></span></b>＆ハライチ澤部＆バイきんぐ小峠＆千鳥＆狩野英孝＆アンガールズ田中＆かまいたち山内＆三四郎・小宮＆阿佐ヶ谷姉妹・渡辺＆ミキ昴生＆ジャングルポケット斉藤＆霜降り明星せいや＆<font color=""#ff00ff""><span style=""font-size: 18px;""><b>「東北楽天ゴールデンイーグルス芸人」
</b></span></font>＆サンドウィッチマン＆山寺宏一＆古坂大魔王＆あばれる君＆かみじょうたけし";NA
2018-04-26;企画プレゼン大会;ミキ＆ガンバレルーヤ・まひる＆ダイアン＆かまいたち濱家＆ZAZY＆霜降り明星;NA
2018-04-19;緊急放送！大谷翔平スゴイぞ芸人 振り返りSP;"アンジャッシュ渡部 &amp; 長島三奈 &amp; ますだおかだ岡田";NA
2018-04-12;お肌よわよわ芸人;今田耕司＆サバンナ高橋＆狩野英孝＆笑い飯・西田＆ジャルジャル福徳＆パンクブーブー黒瀬;NA
2018-04-08;「ビビリ-１グランプリ」「芸能界アイドルファンクラブ」;"<b><span style=""font-size: 24px;""><font color=""#ff00ff"">「ビビリ-１グランプリ」</font></span></b>＆千原ジュニア＆中丸雄一＆真壁刀義＆FUJIWARA藤本＆ライス関町＆狩野英孝＆ケンドーコバヤシ＆剛力彩芽＆<b><span style=""font-size: 24px;""><font color=""#ff00ff"">「芸能界アイドルファンクラブ」</font></span></b>＆フットボールアワー岩尾＆千鳥ノブ＆よゐこ濱口＆土田晃之＆平成ノブシコブシ徳井＆はんにゃ金田＆トレンディエンジェル・たかし＆<span style=""font-size: 14px;"">安田大サーカス・クロちゃん</span>＆<span style=""font-size: 14px;"">フットボールアワー後藤
</span>";NA
2018-04-05;にわかカーリング芸人;アンタッチャブル山崎＆おぎやはぎ小木＆スピードワゴン井戸田＆FUJIWARA藤本＆サンシャイン池崎＆フルーツポンチ村上＆アンガールズ田中​;NA
2018-03-29;コンビ芸人ホームルーム</br><mark>Ametalk 组合艺人班会 180329</mark>;"バナナマン&amp;オードリー&amp;ハリセンボン&amp;アンガールズ";<a href='/post/2018-04-04-180329-21642583'>LINK</a>
2018-03-22;B'z芸人;ブラックマヨネーズ小杉＆ゴールデンボンバー鬼龍院＆ゴールデンボンバー喜矢武＆石井一久＆スリムクラブ真栄田＆ハロー植田;NA
2018-03-15;千鳥の大クセ写真館;＊15日のアメトーーク！はお休みです。＆ケンドーコバヤシ＆麒麟川島 ＆狩野英孝 ＆サバンナ高橋＆ゆりやんレトリィバァ＆アンガールズ田中/ロッチ中岡;NA
2018-03-08;ちくわ大好き芸人;博多華丸＆ケンドーコバヤシ＆長野博＆アンジャッシュ渡部＆オアシズ大久保＆ロッチ中岡＆ガンバレルーヤ・よしこ;NA
2018-03-04;「春の新生活応援！家電芸人」「鉄道ファンクラブ」</br><mark>Ametalk 家电艺人 180304</mark>;"<b><span style=""font-size: 18px;"">「春の新生活応援！家電芸人」</span></b>＆土田晃之＆チュートリアル徳井＆品川庄司・品川＆ユウキロック＆松橋周太呂＆かじがや卓哉＆スピードワゴン小沢＆志田未来＆<b><span style=""font-size: 18px;"">「鉄道ファンクラブ」</span></b>＆中川家・礼二＆石原良純＆ダーリンハニー吉川＆六角精児＆ななめ45°岡安＆木村裕子＆南田裕介＆小島瑠璃子＆スピードワゴン小沢＆<font color=""#ff00ff""><b><span style=""font-size: 18px;"">よる6:57から</span></b></font>＆<font color=""#ff00ff""><b><span style=""font-size: 18px;"">日曜もアメトーーク！2時間拡大版！！</span></b></font>＆<font color=""#ff00ff""><b><span style=""font-size: 18px;"">お楽しみに！</span></b></font>";<a href='/post/2018-07-18-180304-27116957'>LINK</a>
2018-03-01;コンビ芸人BESTトークセレクション;コンビ芸人BESTトークセレクション＆お楽しみに！！＆<b>※「コンビ芸人ホームルーム」は3月29日に変更になりました</b>;NA
2018-02-22;女性人気ない芸人;"ナイツ&amp;バイきんぐ&amp;ドランクドラゴン&amp;とろサーモン";NA
2018-02-15;熟女芸人❤その後…;ロバート秋山＆キャイ～ン・ウド＆ナイツ塙＆天津・木村＆富士彦＆サカイスト・マサヨシ＆ネイチャーバーガー三浦＆奈佐はぢめ（作家）;NA
2018-02-11;「iphoneついていけない芸人」「今年が大事芸人2018」;"<b><span style=""font-size: 18px;"">「iphoneついていけない芸人」
</span></b>＆博多華丸＆井森美幸＆藤井隆＆中川家・礼二＆ココリコ遠藤＆友近＆FUJIWARA藤本＆かじがや卓哉＆サバンナ高橋＆<span style=""font-size: 18px;""><b>「今年が大事芸人2018」</b>
</span>＆とろサーモン＆かまいたち＆尼神インター＆カミナリ＆ゆりやんレトリィバァ＆銀シャリ";NA
2018-02-08;しゃべり出し決まってるトーーク;ケンドーコバヤシ＆サンドウィッチマン伊達＆麒麟・川島＆井下好井・好井＆ロッチ中岡＆アンタッチャブル山崎＆レインボー実方＆天竺鼠・川原＆フットボールアワー;NA
2018-02-01;ひんしゅく体験！ナダル・アンビリバボー</br><mark>Ametalk 180201 纳达尔不可思议 第3弹</mark>;コロコロチキチキペッパーズ＆ＦＵＪＩＷＡＲＡ藤本＆サバンナ高橋＆ジャングルポケット斉藤＆ジャルジャル後藤＆ゆりやんレトリィバァ＆ケンドーコバヤシ＆emma;<a href='/post/2018-12-08-180201-37718132'>LINK</a>
2018-01-25;島耕作芸人;アンジャッシュ渡部＆ケンドーコバヤシ＆チュートリアル福田＆バッファロー吾郎・竹若＆パンクブーブー佐藤＆スリムクラブ真栄田＆タイムマシーン３号・関;NA
2018-01-21;絵心ない芸人</br><mark>Ametalk 没有绘画天分艺人 第六弹 180121</mark>;前田健太＆チュートリアル徳井＆陣内智則＆中川家・礼二＆山本雪乃（テレビ朝日アナウンサー）＆ロザン宇治原＆ジャルジャル福徳＆千原ジュニア＆バカリズム＆鈴木砂羽;<a href='/post/2018-06-18-180121-25105733'>LINK</a>
2018-01-18; 年末ゴールデンＳＰ延長戦 ;年末ゴールデンＳＰ延長戦;NA
2018-01-11;寮生活してた芸人;"ココリコ遠藤&amp;品川庄司・品川&amp;おかずクラブ・オカリナ&amp;ペナルティ&amp;モグライダー芝&amp;サンシャイン池崎&amp;高校ズ秋月";NA
2017-12-30;アメトーーーーーーーーーーク 年末５時間スペシャル!!;"<b><font color=""#ff00ff""><span style=""font-size: 24px;"">(１)運動神経悪い芸人
</span><span style=""font-size: 24px;"">
</span></font></b>＆サバンナ高橋＆フットボールアワー後藤＆千原ジュニア＆川田裕美＆
ゴールデンボンバー歌広場＆麒麟・川島＆ナイツ塙＆笑い飯・西田＆ 東京０３豊本＆ザブングル松尾＆ライス田所＆フルーツポンチ村上＆ 御茶ノ水男子・しいはしジャスタウェイ＆広瀬アリス＆土田晃之＆関根勤＆劇団ひとり＆キャイ～ン天野＆品川庄司・品川
＆ユウキロック＆松橋周太呂＆かじがや卓哉＆<b><span style=""font-size: 24px;""><font color=""#ff00ff"">(3)マセキ３兄弟
</font></span></b>＆出川哲朗＆狩野英孝＆三四郎・小宮＆勝俣州和＆有吉弘行＆キャイ～ン天野＆バカリズム＆FUJIWARA藤本＆<b><span style=""font-size: 24px;""><font color=""#ff00ff"">(4)アメトーーク大賞
</font></span></b>＆ケンドーコバヤシ＆博多華丸・大吉＆ブラックマヨネーズ小杉＆フットボールアワー後藤＆有吉弘行＆アンジャッシュ渡部＆
アンタッチャブル山崎＆千鳥＆ガンバレルーヤ＆とろサーモン久保田＆ジャングルポケット斉藤＆アンガールズ田中＆ 三四郎・小宮＆FUJIWARA藤本＆出川哲朗＆<b><font color=""#ff00ff""><span style=""font-size: 24px;"">アメトーーーーーーーーーーク 年末５時間スペシャル!!</span></font></b>＆<b><font color=""#ff00ff""><span style=""font-size: 24px;"">12月30日よる６：３０から！！</span></font></b>＆<b><font color=""#ff00ff""><span style=""font-size: 24px;"">お楽しみに♪</span></font></b>";NA
2017-12-21;12/30放送 5時間SPの見所＆直前対策予習!!;12/30放送 5時間SPの見所＆直前対策予習!!;NA
2017-12-14;アメトーーク！スピンオフ＜ホリケンふれあい旅 にんげんっていいな♪＞;堀内健＆弘中綾香（テレビ朝日アナウンサー）＆出川哲朗＆ｅｍｍａ＆土田晃之＆ＦＵＪＩＷＡＲＡ藤本＆バイきんぐ小峠;NA
2017-12-07;もっとやれるハズだったのに･･･2017反省会;品川庄司＆ジャルジャル＆とろサーモン＆はんにゃ＆ザブングル;NA
2017-11-30;岡山盛り上げよう芸人;千鳥＆ブルゾンちえみ＆MEGUMI＆前野朋哉＆次長課長・井上＆東京ダイナマイト・ハチミツ二郎;NA
2017-11-26;仮面ライダー芸人</br><mark>AMETALK 假面骑士艺人3 20171126</mark>;"ドランクドラゴン塚地＆土田晃之＆バッファロー吾郎・竹若&amp;棚橋弘至
&amp;オジンオズボーン篠宮&amp;しいはしジャスタウェイ&amp;アンガールズ田中";<a href='/post/2018-02-16-171126-19499669'>LINK</a>
2017-11-23;幼なじみとコンビ組んでる芸人;チュートリアル＆オアシズ＆ロバート秋山・馬場＆ANZEN漫才;NA
2017-11-16;本屋で読書芸人</br><mark>AMETALK 书店读书艺人 第三弹 171116</mark>;東野幸治 ＆ ピース又吉 ＆ オアシズ光浦 ＆ メイプル超合金･カズレーザー;<a href='/post/2019-09-02-171116-66383872'>LINK</a>
2017-11-09;競馬って面白いよ芸人;"麒麟・川島＆カンニング竹山＆千鳥ノブ＆TIM・レッド吉田
＆ナイツ土屋&amp;ジャングルポケット斉藤＆フルーツポンチ村上&amp;川田裕美";NA
2017-11-05;"アメトーーク！２時間SP『プロレス大好き芸人ゴールデン』&amp;『仲良し同居芸人』</br><mark>Ametalk 感情好的同居艺人 20171105</mark>";"<span style=""font-size: 18px;""><b style=""""><font color=""#3984c6"">11/5(日)　は</font></b></span>＆<span style=""font-size: 18px;""><b style=""""><font color=""#3984c6"">アメトーーク！<span style=""font-size: 24px;"">2</span>時間スペシャル！！</font></b></span>＆<span style=""font-size: 18px;""><font color=""#ff00ff""><b>『プロレス大好き芸人ゴールデン』</b></font></span>＆ケンドーコバヤシ＆博多大吉＆オードリー若林＆勝俣州和＆麒麟・川島＆ジャングルポケット斉藤＆プチ鹿島＆<span style=""font-size: 14px;"">広瀬アリス
</span>＆<span style=""font-size: 18px;""><font color=""#ff00ff""><b>『仲良し同居芸人』</b></font></span>＆<span style=""font-size: 14px;"">チュートリアル徳井＆スピードワゴン小沢＆千鳥ノブ＆笑い飯・哲夫＆パンサー向井＆ピース又吉＆サルゴリラ児玉＆</span>＆メイプル超合金カズレーザー＆トレンディエンジェルたかし＆ガンバレルーヤ＆<span style=""font-size: 14px;"">千鳥・大悟＆天海祐希
</span>";<a href='/post/2018-05-26-171105-23960311'>LINK</a>
2017-11-02;相方のツッコミ最高～芸人</br><mark>171102 Ametalk「我搭档的吐槽最棒了」的艺人们</mark>;フットボールアワー＆千鳥＆ナイツ＆東京03;<a href='/post/2017-12-13-171102-16043154'>LINK</a>
2017-10-26;捨てられない物トーーク;ケンドーコバヤシ＆サバンナ高橋＆にゃんこスター・アンゴラ村長＆かまいたち山内＆麒麟・川島＆椿鬼奴＆バカリズム＆出川哲朗;NA
2017-10-12;ゴールデンＳＰ延長戦;ゴールデンＳＰ延長戦;NA
2017-10-08;"アメトーーク2.5時間ＳＰ 『芸人体当たりマン決定戦』&amp;『昭和アニソン軍ＶＳ平成アニソン軍』</br><mark>周日AMETALK 昭和VS平成动漫歌曲对决 171008</mark>";"<b><span style=""font-size: 24px;""><font color=""#ff00ff"">10/8(日)　はよる６：３０から</font></span></b>＆<b><span style=""font-size: 24px;""><font color=""#ff00ff"">アメトーーク！2時間半スペシャル！！</font></span></b>＆<b><span style=""font-size: 24px;"">芸人体当たりマン決定戦</span></b>＆ハライチ澤部＆バイきんぐ小峠＆アンガールズ田中＆千鳥＆メイプル超合金カズレーザー＆ジャングルポケット斉藤＆サンシャイン池崎＆狩野英孝＆三四郎・小宮＆ガンバレルーヤ＆ライス関町＆諸見里大介＆<span style=""font-size: 24px;""><b>昭和アニソン軍　ＶＳ　平成アニソン軍</b></span>＆ケンドーコバヤシ＆博多大吉＆よゐこ濱口＆麒麟・川島＆Kis-My-Ft2宮田＆ハライチ岩井＆足立梨花＆天津・向";<a href='/post/2017-10-12-171008-15323939'>LINK</a>
2017-10-05;先生になりたかった芸人;ケンドーコバヤシ＆オアシズ大久保＆オリエンタルラジオ中田＆家城啓之＆阿佐ヶ谷姉妹・渡辺＆あばれる君;NA
2017-09-28;今コレを伝えたい!! ピンポイントアカデミー大賞;"千原ジュニア&amp;ケンドーコバヤシ&amp;FUJIWARA原西&amp;ANZEN漫才みやぞん&amp;バイきんぐ西村";NA
2017-09-21;コメンテーターやりたい芸人;"品川庄司・品川＆TKO木下＆ドランクドラゴン塚地＆アンジャッシュ児嶋
＆麒麟・田村＆ロッチ中岡＆ジャングルポケット斉藤＆カンニング竹山＆千秋";NA
2017-09-17;アメトーーク！２時間ＳＰ『踊りたくない芸人』 ＆『相方大好き芸人』</br><mark>AMETALK 超喜欢相方艺人 170917</mark>;"<b><span style=""font-size: 24px;""><font color=""#ff00ff"">9月17日（日）は</font></span></b>＆<b><span style=""font-size: 24px;""><font color=""#ff00ff"">よる６：５７から</font></span></b>＆<b><span style=""font-size: 24px;""><font color=""#ff00ff"">アメトーーク！2時間スペシャル！！</font></span></b>＆<b><span style=""font-size: 24px;"">踊りたくない芸人</span></b>＆千原ジュニア＆博多大吉＆ロンブー亮＆陣内智則＆千鳥・大悟
＆ジャルジャル後藤＆ピース又吉 ＆三四郎・小宮＆<span style=""font-size: 24px;""><b>相方大好き芸人</b></span>＆サンドウィッチマン＆アンジャッシュ＆ロバート＆ガンバレルーヤ";<a href='/post/2019-05-11-170917-52080907'>LINK</a>
2017-09-14;立ちトーーク;"ケンドーコバヤシ＆友近＆麒麟・川島＆モグライダー芝＆超新塾アイク
&amp;陣内智則＆チュートリアル福田＆ナイツ土屋＆ロッチ・コカド＆銀シャリ橋本";NA
2017-09-10;定時制高校芸人;"今田耕司&amp;イシバシハザマ石橋&amp;ラフコン森木・重岡&amp;アンテナ元気&amp;スピーディースピードボーイ&amp;ワラバランス宮崎&amp;ゴッホ向井ブルー";NA
2017-09-07;なぜ？同じ事務所に同類芸人;出川哲朗＆狩野英孝＆三四郎・小宮＆キャイ〜ン・ウド＆ANZEN漫才みやぞん＆アキラ100％＆ハリウッドザコシショウ＆バイきんぐ小峠＆キャイ〜ン天野＆バカリズム;NA
2017-09-03;コンビ芸人ホームルーム</br><mark>Ametalk 组合艺人班会 170903</mark>;"博多華丸・大吉&amp;フットボールアワー&amp;千鳥&amp;三四郎&amp;メイプル超合金";<a href='/post/2019-09-07-170903-66953512'>LINK</a>
2017-08-31;兄弟でコンビ組んでる芸人</br><mark>Ametalk 兄弟组合艺人 170831</mark>;"千原兄弟&amp;中川家&amp;ミキ&amp;ダイタク＆ザ・たっち";<a href='/post/2019-08-01-170831-61660974'>LINK</a>
2017-08-24;美容ファースト芸人;"NONSTYLE井上＆スピードワゴン井戸田＆TKO木下＆千鳥ノブ
＆フットボールアワー岩尾＆ロバート馬場＆ブリリアン・ダイキ＆ブリリアン・コージ＆千鳥・大悟＆堀田茜";NA
2017-08-20;アイスがなきゃ生きてイケない芸人;"よゐこ濱口&amp;川田裕美&amp;ブラックマヨネーズ​小杉&amp;サンドウィッチマン伊達＆麒麟・川島&amp;ニッチェ江上&amp;タイーク金井＆アンジャッシュ渡部​&amp;藤田ニコル";NA
2017-08-13;珍プレー好プレーＧＰ;千原ジュニア＆FUJIWARA藤本＆千鳥＆バイきんぐ小峠＆麒麟・川島＆フルーツポンチ村上＆三四郎・小宮;NA
2017-08-10;もっと売れたい芸人;"シソンヌ長谷川＆チョコレートプラネット松尾＆
ガンバレルーヤ＆ミキ昴生＆超新塾アイク＆ ダイタク＆マヂカルラブリー野田＆ウエストランド井口＆モグライダー";NA
2017-08-03;夏サイコー芸人</br><mark>AMETALK 夏天最棒艺人 20170803</mark>;"スピードワゴン小沢＆チュートリアル徳井＆よゐこ濱口＆サバンナ高橋
&amp;友近＆千鳥 大悟＆出川哲朗＆<font color=""#ff00ff"">＊ABCは8月5日（土）15：00～放送です</font>";<a href='/post/2017-11-10-170803-16185204'>LINK</a>
2017-07-30;スーパー戦隊大好き芸人;"メイプル超合金カズレーザー＆土田晃之＆ドランクドラゴン塚地＆乃木坂46・井上小百合＆トレンディエンジェルたかし＆
宮島咲良＆オジンオズボーン篠宮＆御茶ノ水男子・しいはしジャスタウェイ";NA
2017-07-27;チョット弾けますギター芸人２０１７;"<font color=""#ff00ff"">＊よる１１：３０～放送です（一部地域を除く）
</font>＆<font color=""#ff00ff"">  ABCは8月5日（土）14:</font>＆フットボールアワー後藤＆ANZEN漫才みやぞん＆野性爆弾くっきー＆
馬と魚＆松浦真也&amp;レイザーラモンＲＧ";NA
2017-07-16;夏休みだよ！！ザキヤマ＆フジモンがパクりたい-１グランプリ;アンタッチャブル山崎＆ＦＵＪＩＷＡＲＡ藤本＆マヂカルラブリー＆セルライトスパ＆チョコレートプラネット＆アンガールズ＆ななまがり＆麒麟＆おばたのお兄さん＆フースーヤ;NA
2017-07-13;トリオ芸人</br><mark>ametalk 三人组合艺人 20170713</mark>;ロバート＆森三中＆東京03＆パンサー＆ジャングルポケット;<a href='/post/2019-01-15-170713-40767346'>LINK</a>
2017-07-09;夏のアメトーーーーク 高校野球大大大大好き 栄冠は君に輝くＳＰ!!;"<b><span style=""font-size: 18px;""><font color=""#ff00ff"">7</font>月<font color=""#ff00ff"" style=""background-color: rgb(255, 255, 255);"">９</font>日（<span style=""background-color: rgb(255, 255, 255);""><font color=""#ff00ff"">日</font></span>）よる<font color=""#ff00ff"" style=""background-color: rgb(255, 255, 255);"">６</font>時<font color=""#ff00ff"" style=""background-color: rgb(255, 255, 255);"">５７</font>分から<font color=""#ff00ff"" style=""background-color: rgb(255, 255, 255);"">２</font>時間SP！！</span></b>＆アンジャッシュ渡部＆長島三奈＆伊藤毅＆トータルテンボス藤田＆アンタッチャブル山崎＆早出明弘＆いけだてつや＆かみじょうたけし＆三四郎・小宮＆志田未来＆<span style=""font-size: 18px;""><b><font color=""#ff00ff"" style=""background-color: rgb(255, 255, 255);"">7</font>月<font color=""#ff00ff"" style=""background-color: rgb(255, 255, 255);"">９</font>日（<font color=""#ff00ff"" style=""background-color: rgb(255, 255, 255);"">日</font>）よる<font color=""#ff00ff"" style=""background-color: rgb(255, 255, 255);"">６</font>時<font color=""#ff00ff"" style=""background-color: rgb(255, 255, 255);"">５７</font>分から<font color=""#ff00ff"" style=""background-color: rgb(255, 255, 255);"">２</font>時間SP！！</b></span>＆<span style=""font-size: 18px;""><b>お楽しみに！！</b></span>";NA
2017-07-06;オジさんたち;"博多華丸＆藤井隆＆中川家＆
ずん飯尾＆ドランクドラゴン塚地＆カンニング竹山";NA
2017-06-29;本屋でマンガ大好き芸人;ケンドーコバヤシ＆有吉弘行＆麒麟・川島＆スピードワゴン小沢＆三四郎・小宮＆広瀬アリス;NA
2017-06-25;動物研究会;ココリコ田中＆アンタッチャブル柴田＆森泉＆ＤＪ ＫＯＯ＆スピードワゴン小沢＆北乃きい;NA
2017-06-22;ゴルフ楽しい芸人;オードリー若林＆劇団ひとり＆博多華丸＆ますだおかだ岡田＆平成ノブシコブシ吉村＆ブラックマヨネーズ小杉;NA
2017-06-18;18日（日）のアメトーーク！はお休みです。;18日（日）の日曜もアメトーーク！はお休みです。＆25日（日）は;NA
2017-06-15;思い出のファミコン芸人</br><mark>AMETALK 怀旧红白机艺人 20170615</mark>;"<font color=""#ff00ff""><b>＊いつもより15分遅い、よる１１：３０～放送です（一部地域を除く）</b></font>＆麒麟・川島＆よゐこ有野＆博多華丸＆バカリズム＆サンドウィッチマン富澤＆スリムクラブ真栄田&amp;ナイツ塙＆エレキコミック今立";<a href='/post/2017-10-16-170615-13076934'>LINK</a>
2017-06-11;ハンバーグ大好き芸人;出川哲朗＆ハリセンボン近藤＆FUJIWARA藤本＆アンタッチャブル山崎＆サンドウィッチマン富澤＆和牛・水田＆滝沢カレン;NA
2017-06-08;相方どうかしてるぜ芸人</br><mark>Ametalk 相方有毛病艺人 170608</mark>;ブラックマヨネーズ＆NON STYLE＆麒麟＆カミナリ;<a href='/post/2019-08-07-170608-62561910'>LINK</a>
2017-06-01;○○じゃない方芸人 ２０１７;フットボールアワー岩尾＆チュートリアル福田＆アンガールズ山根＆三四郎・相田＆メイプル超合金・安藤＆コロコロチキチキペッパーズ西野＆トレンディエンジェルたかし＆ANZEN漫才あらぽん＆バイきんぐ西村;NA
2017-05-28;ド田舎芸人;"ド田舎芸人予告ムービー＆千鳥＆元ちとせ＆キャイ～ン・ウド鈴木＆アンガールズ田中＆流れ星・瀧上＆ウーマンラッシュアワー村本＆バイきんぐ小峠＆サバンナ高橋＆山本美月＆<b><font color=""#3984c6""><span style=""font-size: 18px;"">『ド田舎芸人』</span></font></b>＆<b><font color=""#3984c6""><span style=""font-size: 18px;"">5月28日（日）よる６：５７から！！</span></font></b>";NA
2017-05-25;海外ドラマ 24 TWENTY FOUR芸人;劇団ひとり＆博多華丸＆ブラックマヨネーズ小杉＆品川庄司・品川＆東京ダイナマイト・松田＆ぺナルティ・ワッキー＆どきどきキャンプ岸＆滝沢カレン;NA
2017-05-21;21日（日）の日曜もアメトーーク！はお休みです;;NA
2017-05-18;高校ダブり芸人;"バイきんぐ小峠＆三四郎・小宮＆さらば青春の光・森田＆髭男爵・ひぐち君
&amp;ラフコン森木＆デニス植野 &amp;三四郎・相田";NA
2017-05-14;ガリガリ芸人;"アンガールズ＆ハリセンボン箕輪＆千原ジュニア
＆霜降り明星・粗品＆カラテカ矢部＆馬鹿よ貴方は・平井＆アンタッチャブル山崎＆メイプル超合金・安藤";NA
2017-05-11;アメリカにかぶれてます芸人;ブルゾンちえみ＆渡辺直美＆シルク＆出川哲朗＆品川庄司・品川＆じゅんいちダビッドソン;NA
2017-05-04;アンジャッシュ大好き芸人</br><mark>AMETALK 超喜欢UNJASH艺人 170504</mark>;アンジャッシュ＆有吉弘行＆山崎弘也＆土田晃之＆バカリズム＆いけだてつや;<a href='/post/2017-10-16-170504-10516159'>LINK</a>
2017-04-30;踊りたくない芸人;千原ジュニア＆博多大吉＆ロンブー亮＆千鳥・大悟＆ジャルジャル後藤＆三四郎・小宮;NA
2017-04-27;未公開シーン大放出ＳＰ;"<font color=""#ff00ff""><b>未公開シーン大放出ＳＰ</b></font>";NA
2017-04-20;ひとり暮らし長～い芸人</br><mark>AMETALK 独居很久艺人 20170420</mark>;アンガールズ田中＆フットボールアワー岩尾＆バカリズム＆スピードワゴン小沢＆ドランクドラゴン塚地;<a href='/post/2017-10-16-170420-10001377'>LINK</a>
2017-04-16;ついつい甘いモノ食べちゃう芸人;チュートリアル徳井＆川田裕美＆よゐこ濱口＆サンドウィッチマン伊達＆パンサー向井＆千鳥ノブ＆ジャングルポケット斉藤＆アンジャッシュ渡部;NA
2017-04-13;芸人ドラフト会議</br><mark>AMETALK 170413 艺人选秀会 第5弹</mark>;オードリー若林＆チュートリアル徳井＆ヒロミ＆メイプル超合金 カズレーザー;<a href='/post/2017-04-18-170413-9930882'>LINK</a>
2017-04-06;さよなら綾部</br><mark>AMETALK 再见了！绫部 20170406</mark>;"ピース綾部＆チュートリアル徳井＆陣内智則＆フットボールアワー後藤＆
品川庄司・品川＆銀シャリ橋本＆千鳥＆ピース又吉＆ベッキー";<a href='/post/2017-10-16-170406-10869961'>LINK</a>
2017-03-26;アメトーーク！２時間ＳＰ;"<b><span style=""font-size: 18px;"">3/26（日）放送の日曜もアメトーーク２時間ＳＰは
</span></b>＆<b><span style=""font-size: 18px;"">パクりたい‐１グランプリ</span></b>＆FUJIWARA藤本＆アンタッチャブル山崎＆<b><span style=""font-size: 18px;"">ビビり‐１グランプリ</span></b>＆千原ジュニア＆ココリコ田中＆品川庄司・品川＆FUJIWARA藤本＆＆コロコロチキチキペッパーズ・ナダル＆フルーツポンチ村上＆ライス関町＆ケンドーコバヤシ";NA
2017-03-23;3.26日曜SP直前対策;3.26日曜SPのラインナップはこちら♪;NA
2017-03-19;アメトーーク！2時間スペシャル</br><mark>AMETALK 爱学习艺人 170319</mark>;"<b><span style=""font-size: 18px;""><font color=""#ff00ff"">3/19・26（日）は２週連続２時間SP!!</font></span></b>＆<b><span style=""font-size: 18px;"">3/19（日）放送の日曜もアメトーーク２時間ＳＰは</span></b>＆<b><span style=""font-size: 18px;"">カレー大好き芸人</span></b>＆ケンドーコバヤシ＆サンドウィッチマン伊達＆麒麟・川島＆アンタッチャブル山崎＆千鳥ノブ＆ロバート秋山＆ブルゾンちえみ＆アンジャッシュ渡部＆新川優愛＆<b><span style=""font-size: 18px;"">勉強大好き芸人</span></b>＆オリエンタルラジオ中田＆ロザン宇治原＆ヒャダイン＆メイプル超合金カズレーザー＆田畑藤本・藤本＆あかもん＆FUJIWARA藤本＆藤田ニコル＆<span style=""font-size: 18px;"">２６日（日）のラインナップは</span>＆<a href=""http://www.tv-asahi.co.jp/ametalk/lineup/0698/""><b><font color=""#ff00ff""><span style=""font-size: 18px;"">コチラ♪</span></font></b></a>";<a href='/post/2017-11-24-170319-16586877'>LINK</a>
2017-03-19;アメトーーク！2時間スペシャル</br><mark>AMETALK 超喜欢咖喱艺人 170319</mark>;"<b><span style=""font-size: 18px;""><font color=""#ff00ff"">3/19・26（日）は２週連続２時間SP!!</font></span></b>＆<b><span style=""font-size: 18px;"">3/19（日）放送の日曜もアメトーーク２時間ＳＰは</span></b>＆<b><span style=""font-size: 18px;"">カレー大好き芸人</span></b>＆ケンドーコバヤシ＆サンドウィッチマン伊達＆麒麟・川島＆アンタッチャブル山崎＆千鳥ノブ＆ロバート秋山＆ブルゾンちえみ＆アンジャッシュ渡部＆新川優愛＆<b><span style=""font-size: 18px;"">勉強大好き芸人</span></b>＆オリエンタルラジオ中田＆ロザン宇治原＆ヒャダイン＆メイプル超合金カズレーザー＆田畑藤本・藤本＆あかもん＆FUJIWARA藤本＆藤田ニコル＆<span style=""font-size: 18px;"">２６日（日）のラインナップは</span>＆<a href=""http://www.tv-asahi.co.jp/ametalk/lineup/0698/""><b><font color=""#ff00ff""><span style=""font-size: 18px;"">コチラ♪</span></font></b></a>";<a href='/post/2019-07-26-170319-60834569'>LINK</a>
2017-03-09;ひとり旅芸人;友近＆おぎやはぎ矢作＆眞鍋かをり＆フットボールアワー岩尾＆小島大輔＆千原ジュニア＆フットボールアワー後藤;NA
2017-03-02;LOVEガラケー芸人;サンドウィッチマン＆ブラックマヨネーズ小杉＆ココリコ遠藤＆＆ケンドーコバヤシ＆ナイツ塙＆ずん飯尾＆サバンナ高橋＆アンガールズ田中;NA
2017-02-23;立ちトーーク</br><mark>AMETALK 站立talk 20170223</mark>;小籔千豊＆バカリズム＆麒麟・川島＆ミキ亜生＆FUJIWARA藤本＆フットボールアワー＆ジャルジャル後藤＆アキナ山名＆品川庄司・品川;<a href='/post/2017-11-17-170223-16398312'>LINK</a>
2017-02-19;ドラえもん芸人;サバンナ高橋＆博多大吉＆織田信成＆ゴールデンボンバー鬼龍院＆よゐこ有野＆バカリズム＆麒麟・川島＆井森美幸＆藤田ニコル;NA
2017-02-16;ゲームセンター芸人</br><mark>AMETALK 游戏机厅艺人 20170216</mark>;麒麟・川島＆よゐこ有野＆バカリズム＆土田晃之＆ロバート山本＆品川庄司・品川＆スリムクラブ真栄田;<a href='/post/2017-10-16-170216-10598933'>LINK</a>
2017-02-12;相撲大好き芸人;ナイツ塙＆デーモン閣下＆はなわ＆山根千佳＆＆サバンナ八木＆あかつ＆キンボシ西田＆ブラックマヨネーズ小杉＆アンタッチャブル山崎＆DJ KOO;NA
2017-02-09;若手プレゼン大会;平野ノラ＆銀シャリ・鰻＆ブルゾンちえみ＆タイムマシーン３号＆カミナリ＆大自然;NA
2017-02-05;大谷翔平スゴイぞ芸人</br><mark>Ametalk 170205 大谷翔平好厉害艺人</mark>;大谷翔平スゴイぞ芸人;<a href='/post/2019-01-18-170205-41041550'>LINK</a>
2017-02-02;スクール☆ウォーズ芸人;中川家＆ブラックマヨネーズ小杉＆ケンドーコバヤシ＆＆ドランクドラゴン塚地＆ＦＵＪＩＷＡＲＡ藤本;NA
2017-01-29;鉄道ファンクラブ;中川家・礼二＆石原良純＆松井玲奈＆六角精児＆＆ダーリンハニー吉川＆鈴川絢子＆南田裕介;NA
2017-01-26;鉄道芸人;中川家・礼二＆六角精児＆ダーリンハニー吉川＆ななめ45°岡安＆南田裕介＆＆木村裕子＆鈴川絢子＆代走みつくに＆miwa＆千原ジュニア;NA
2017-01-22;絵心ない芸人</br><mark>Ametalk 170122 绘画白痴艺人</mark>;前田健太＆チュートリアル徳井＆陣内智則＆中川家・礼二＆＆サンドウィッチマン伊達みきお＆カンニング竹山＆ジャングルポケット斉藤＆ケンドーコバヤシ＆バカリズム＆中川翔子;<a href='/post/2018-12-25-170122-39014347'>LINK</a>
2017-01-19;大根ありがとう芸人;博多華丸＆ケンドーコバヤシ＆長野博＆アンジャッシュ渡部＆ずん飯尾＆ナイツ塙＆倉科カナ;NA
2017-01-12;ＳＰ延長戦;;NA
2016-12-30;アメトーーーーーーーーーーク 年末５時間スペシャル!! ;"<b><font color=""#ff00ff"">12月30日（金）は
　</font></b>＆<b><font color=""#ff00ff"">アメトーーーーーーーーーーク
年末５時間スペシャル!! </font></b>＆(1)ザキヤマ＆フジモンのパクリたいー１グランプリ＆アンタッチャブル山崎＆FUJIWARA藤本＆レッドガオ／ヴィレッジ／ヒロシ／ミキ／ザ・武道／千鳥／ジャルジャル／永野＆(2)出川と狩野＆FUJIWARA藤本＆よゐこ有野＆土田晃之＆有吉弘行＆バカリズム＆(3)運動神経悪い芸人＆サバンナ高橋＆フットボールアワー後藤＆麒麟・川島＆ゴールデンボンバー歌広場＆ナイツ塙＆御茶ノ水男子・しいはしジャスタウェイ＆フルーツポンチ村上＆ライス田所＆東京０３豊本＆ザブングル松尾＆笑い飯・西田＆広瀬アリス＆(4)アメトーーク大賞＆ケンドーコバヤシ＆博多華丸・大吉＆フットボールアワー後藤＆＆有吉弘行＆アンタッチャブル山崎＆出川哲朗＆千鳥＆＆コロコロチキチキペッパーズ＆ライス関町＆狩野英孝＆三四郎・小宮＆＆アンガールズ田中＆品川庄司・品川＆FUJIWARA藤本";NA
2016-12-22;12/30放送の5時間ＳＰの見所＆直前対策予習!!;12月30日（金）は＆アメトーーーーーーーーーーク＆年末５時間スペシャル!!;NA
2016-12-15;アメトーーク！スピンオフ＜ホリケンふれあい旅 にんげんっていいな♪＞;"堀内健＆弘中綾香（テレビ朝日アナウンサー）＆出川哲朗＆森田みいこ＆アンガールズ田中＆サバンナ高橋＆千鳥ノブ＆＊一部地域で放送時間が異なります＆<a href=""http://www.tv-asahi.co.jp/horiken-tabi/"" target=""_blank""><font style=""color:#00f""><u>放送した情報はこちら</u></font></a>";NA
2016-12-11;歳末大売り出し 家電芸人;土田晃之＆劇団ひとり＆キャイ～ン天野＆チュートリアル徳井＆品川庄司・品川＆かじがや卓哉;NA
2016-12-08;もっとやれるはずだったのに…2016反省会;品川庄司＆バイきんぐ＆クロちゃん（安田大サーカス）＆ジャルジャル＆フルーツポンチ;NA
2016-12-01;WWE芸人;"麒麟・川島&amp;古田新太&amp;勝俣州和&amp;ケンドーコバヤシ&amp;ハチミツ二郎&amp; GAG少年楽団・宮戸&amp;レイザーラモン＆マギー";NA
2016-11-27;仮面ライダー芸人</br><mark>AMETALK 假面骑士艺人第二弹 20161127</mark>;"ドランクドラゴン塚地&amp;土田晃之&amp;メイプル超合金カズレーザー&amp;棚橋弘至&amp;バッファロー吾郎・竹若&amp;しいはしジャスタウェイ&amp;アンガールズ田中";<a href='/post/2017-10-16-161127-8409494'>LINK</a>
2016-11-24;やっと揃った‼ハリセンボン同期芸人;ハリセンボン＆ライス＆狩野英孝＆パンサー菅＆しずる＆FUJIWARA藤本＆ピース又吉;NA
2016-11-20;iPhone使いこなせない芸人</br><mark>AMETALK 用不好iPhone艺人 20161120</mark>;博多華丸＆井森美幸＆藤井隆＆中川家・礼二＆友近＆ピース又吉＆阿佐ヶ谷姉妹・渡辺＆サバンナ高橋＆かじがや卓哉;<a href='/post/2017-10-16-161120-12205073'>LINK</a>
2016-11-17;情熱大陸出たい芸人</br><mark>AMETALK 想上情热大陆艺人 20161117</mark>;"劇団ひとり＆オアシズ大久保＆ますだおかだ岡田＆品川庄司・品川＆
狩野英孝＆ウーマン村本";<a href='/post/2017-10-16-161117-8824680'>LINK</a>
2016-11-10;本屋で…読書芸人</br><mark>AMETALK 书店读书艺人 20161110</mark>;ピース又吉＆オアシズ光浦＆オードリー若林＆メイプル超合金カズレーザー＆池田エライザ;<a href='/post/2017-10-16-161110-10365524'>LINK</a>
2016-11-06;もっと知ってほしい！マイナー部活芸人;ロバート秋山＆狩野英孝＆NON STYLE井上＆ニッチェ江上＆あばれる君＆＆ダイアン津田＆阿佐ヶ谷姉妹・渡辺＆三四郎・小宮＆陣内智則＆バカリズム＆広瀬アリス;NA
2016-11-03;ひんしゅく体験！ナダル・アンビリバボー２;コロコロチキチキペッパーズ＆サバンナ・高橋＆ジャルジャル後藤＆ミキ亜生＆ゆりやんレトリィバァ＆ケンドーコバヤシ＆河北麻友子;NA
2016-10-27;今もアツイぞ!!キン肉マン芸人;ケンドーコバヤシ＆よゐこ濱口＆サンドウィッチマン＆麒麟・川島＆ナイツ塙＆マリリンジョイ＆中川家・礼二＆岡田結実;NA
2016-10-20;スゴイんだぞ!西野さん</br><mark>AMETALK 厉害了！我的西野 20161020</mark>;キングコング西野＆ウーマンラッシュアワー村本＆ドランクドラゴン鈴木;<a href='/post/2017-10-16-161020-7611814'>LINK</a>
2016-10-16;日曜もアメトーーク！ 初回２時間ＳＰ</br><mark>AMETALK 贪吃艺人 第二弹 161016</mark>;"<font color=""#ff00ff"">（１） 芸人体当たりシミュレーション
</font>＆平成ノブシコブシ吉村＆ハライチ澤部＆狩野英孝＆メイプル超合金カズレーザー＆＆NON STYLE井上＆アンガールズ田中＆
あばれる君＆サンシャイン池崎＆＆三四郎・小宮＆フルーツポンチ村上＆パンサー尾形＆バイきんぐ小峠＆<font color=""#0000ff"">（２） ついつい食べ過ぎちゃう芸人
</font>＆ブラックマヨネーズ小杉＆サンドウィッチマン伊達＆ドランクドラゴン塚地＆＆アンタッチャブル山崎＆
千鳥ノブ＆ニッチェ江上＆ゆりやんレトリィバァ＆アンジャッシュ渡部＆二階堂ふみ／／江頭２：５０";<a href='/post/2019-04-13-161016-49150829'>LINK</a>
2016-10-13;立ちトーーク</br><mark>AMETALK 站立talk 20161013</mark>;フットボールアワー＆ロバート秋山＆ロッチ中岡＆品川庄司・品川＆＆勝俣州和＆ココリコ遠藤＆陣内智則＆スピードワゴン小沢＆NONSTYLE井上;<a href='/post/2017-10-16-161013-8245525'>LINK</a>
2016-10-06;ゾンビ芸人</br><mark>AMETALK 僵尸艺人  161006</mark>;アンジャッシュ渡部＆劇団ひとり＆チュートリアル徳井＆品川庄司・品川＆平成ノブシコブシ吉村＆麒麟・川島＆いけだてつや;<a href='/post/2017-10-16-161006-7486771'>LINK</a>
2016-09-29;25年ぶりの優勝で公約実現…緊急！広島カープ芸人;"緊急！広島カープ芸人＆<span style=""line-height: 1.42857;"">谷原章介＆チュートリアル徳井＆ロザン宇治原＆アンガールズ＆
</span>＆<span style=""line-height: 1.42857;"">ザ･ギース尾関＆ゴッホ向井ブルー </span>＆<span style=""line-height: 1.42857;"">出川哲朗＆かみじょうたけし
</span>";NA
2016-09-22;おもしろ人材プロモーション</br><mark>AMETALK 有趣人才推荐会 20160922</mark>;博多大吉＆サバンナ高橋＆オードリー若林＆友近＆ナイツ塙＆小籔千豊;<a href='/post/2017-10-16-160922-8663363'>LINK</a>
2016-09-15;緊急企画！解散危機 竜兵会;"ダチョウ倶楽部＆土田晃之＆有吉弘行＆劇団ひとり＆＆<span style=""line-height: 1.42857;"">インスタントジョンソン・スギ。＆デンジャラス安田 </span>";NA
2016-09-08;ピンポイントアカデミー大賞</br><mark>AMETALK 亮点奥斯卡奖 20160908</mark>;博多華丸＆チュートリアル徳井＆小籔千豊＆麒麟・川島＆いけだてつや;<a href='/post/2017-10-16-160908-7223086'>LINK</a>
2016-09-01;ひんしゅく体験！ナダル・アンビリバボー;"コロコロチキチキペッパーズ・ナダル＆コロコロチキチキペッパーズ西野＆ サバンナ高橋＆千鳥ノブ＆＆<span style=""line-height: 1.42857;"">ゆりやんレトリィバァ＆バンビーノ </span>";NA
2016-08-25;Ｗ杯アジア最終予選を楽しむために！サッカー日本代表応援芸人;土田晃之＆ナオト・インティライミ＆ペナルティ＆平畠啓史＆ライセンス井本＆出川哲朗＆アンジャッシュ渡部;NA
2016-08-18;若手プレゼン大会;"<font color=""#ff00ff"">＊２３：５５～放送になります</font>＆メイプル超合金カズレーザー＆ゆりやんレトリィバア＆コロコロチキチキペッパーズ＆＆<span style=""line-height: 1.42857;"">バンビーノ藤田＆インディアンス田渕＆尼神インター誠子＆いけだてつや＆青年タイアップ金井 </span>";NA
2016-08-11;～アメトーーク！presents～ ブラマヨ吉田の変愛トーーク</br><mark>Ametalk 吉田的异爱talk 160811</mark>;ブラックマヨネーズ吉田＆チュートリアル徳井＆ＹＯＵ＆ドランクドラゴン塚地＆ブラックマヨネーズ小杉;<a href='/post/2017-10-16-160811-6527367'>LINK</a>
2016-08-04;仮面ライダー芸人</br><mark>AMETALK 假面骑士艺人 20160804</mark>;ドランクドラゴン塚地＆土田晃之＆バッファロー吾郎・竹若＆棚橋弘至＆＆オジンオズボーン篠宮＆御茶ノ水男子・しいはしジャスタウェイ＆アンガールズ田中;<a href='/post/2017-10-16-160804-6255647'>LINK</a>
2016-07-28;旅芸人in the world;宮川大輔＆千原せいじ＆出川哲朗＆品川庄司・庄司＆オードリー春日;NA
2016-07-21;夏フェス芸人;"ハライチ澤部＆IMALU＆栗原類＆サバンナ高橋＆フットボールアワー岩尾＆＆<span style=""line-height: 1.42857;"">COWCOW善し＆エレキコミックやつい＆マンボウやしろ </span>＆阿佐ヶ谷姉妹・渡辺＆FUJIWARA藤本";NA
2016-07-16;夏のアメトーーーーク 高校野球大大大大好き 栄冠は君に輝くＳＰ!!;"夏のアメトーーーーク 高校野球大大大大好き 栄冠は君に輝くＳＰ!!＆<font color=""#ff00ff""><b>１６日土曜日　午後９時から！！</b></font>＆アンジャッシュ渡部＆大友康平＆長島三奈＆＆<span style=""line-height: 1.42857;"">TIM・レッド吉田＆アンタッチャブル山崎＆  </span>＆<span style=""line-height: 1.42857;"">いけだてつや＆トータルテンボス藤田＆ </span>＆<span style=""line-height: 1.42857;"">バブルズマンション池田＆かみじょうたけし</span>";NA
2016-07-07;渡部大好き芸人</br><mark>AMETALK 超喜欢渡部艺人 20160707</mark>;アンジャッシュ渡部＆土田晃之＆有吉弘行＆おぎやはぎ＆いけだてつや＆狩野英孝＆アンタッチャブル山崎;<a href='/post/2017-10-16-160707-5308748'>LINK</a>
2016-07-01;パクリたい-１グランプリ </br><mark>AMETALK 搜索自己艺人 20160630</mark>;7月1日（金）はロンハー×アメトーーク姉妹番組合体SP!!＆アメトーークは“パクり－１グランプリ”＆アンタッチャブル山崎＆ＦＵＪＩＷＡＲＡ藤本＆インポッシブル＆ルシファー吉岡＆２７００＆サッチ＆千鳥＆＆湘南デストラーデ＆なかやまきんに君＆永野;<a href='/post/2017-10-16-160630-5288489'>LINK</a>
2016-06-30;ネットの声を気にする エゴサーチ芸人</br><mark>AMETALK 搜索自己艺人 20160630</mark>;NONSTYLE井上＆オアシズ大久保＆ウーマンラッシュアワー村本＆品川庄司・品川＆＆ロッチ中岡＆ジャングルポケット斉藤;<a href='/post/2017-10-16-160630-5288489'>LINK</a>
2016-06-23;観光大使芸人 ;友近＆千鳥＆ロバート＆笑い飯＆＆パンクブーブー黒瀬＆アンガールズ＆品川庄司・品川＆河北麻友子;NA
2016-06-16;旧車芸人 ;千原ジュニア＆ケンドーコバヤシ＆＆テンダラー浜本＆野性爆弾くっきー＆＆ジャルジャル後藤＆じゅんいちダビッドソン＆＆バッドボーイズ佐田;NA
2016-06-09;やっぱり結婚したくて タマらない芸人</br><mark>AMETALK 想结婚艺人 20160609</mark>;オードリー若林＆バカリズム＆ピース又吉＆＆ドランクドラゴン塚地＆＆フットボールアワー岩尾＆＆アンガールズ田中＆ココリコ遠藤＆栗山千明;<a href='/post/2017-10-16-160609-5049375'>LINK</a>
2016-06-02;猫舌芸人;"椿鬼奴＆平成ノブシコブシ吉村＆＆インパルス板倉＆三四郎・小宮＆＆おかずクラブ・オカリナ＆アルコ&amp;ピース平子＆＆馬鹿よ貴方は・平井“ファラオ”光＆マギー";NA
2016-05-26;いつも一緒にいる芸人</br><mark>AMETALK 形影不离的艺人 20160526</mark>;バナナマン日村＆ケンドーコバヤシ＆＆千鳥・大悟＆ピース又吉＆ロッチ・コカド＆＆我が家・坪倉＆メイプル超合金カズレーザー＆＆馬鹿よ貴方は・平井“ファラオ”光;<a href='/post/2017-10-16-160526-4993601'>LINK</a>
2016-05-19;日本語ポンコツ芸人;出川哲朗＆ダチョウ倶楽部・肥後＆狩野英孝＆＆ドランクドラゴン鈴木＆鬼ヶ島・アイアム野田＆＆はんにゃ金田＆パンサー尾形＆川田裕美＆オリエンタルラジオ中田;NA
2016-05-12;家族オカシイ芸人</br><mark>AMETALK 家人奇葩艺人 第二弹 160512</mark>;ロバート秋山＆博多華丸＆ＮＯＮ　ＳＴＹＬＥ石田＆＆品川庄司・品川＆千鳥ノブ＆＆ウーマンラッシュアワー村本＆パンサー菅＆＆馬鹿よ貴方は・平井“ファラオ”光;<a href='/post/2018-12-21-160512-38636162'>LINK</a>
2016-05-05;チョット弾けます ギター芸人２０１６</br><mark>AMETALK 吉他艺人2016 20160505</mark>;フットボールアワー後藤＆狩野英孝＆＆東京０３角田＆スピードワゴン小沢＆＆松浦真也＆野性爆弾くっきー＆＆レイザーラモンＲＧ;<a href='/post/2017-10-16-160505-6956759'>LINK</a>
2016-04-28;最新！芸人タバコ事情</br><mark>AMETALK 最新的艺人吸烟情报 20160428</mark>;フットボールアワー後藤＆FUJIWARA藤本＆＆千鳥ノブ＆ケンドーコバヤシ＆インパルス板倉＆＆千鳥・大悟＆川田裕美;<a href='/post/2017-10-16-160428-4936376'>LINK</a>
2016-04-21;ゴールデンSP延長戦;ゴールデンSP延長戦;NA
2016-04-08;アメトーークＳＰ!!(2)芸人体当たりシミュレーション</br><mark>AMETALK 站立TALK 20160407</mark>;ハライチ澤部＆狩野英孝＆永野＆あばれる君＆＆ジャングルポケット斉藤＆パンサー尾形＆＆諸見里＆三四郎・小宮＆フルーツポンチ村上＆＆メイプル超合金カズレーザー＆＆馬鹿よ貴方は・平井“ファラオ”光＆バイきんぐ小峠;<a href='/post/2017-10-16-160407-4529802'>LINK</a>
2016-04-08;アメトーークＳＰ!!(1)ビビリ-１グランプリ</br><mark>AMETALK 站立TALK 20160407</mark>;千原ジュニア＆宮川大輔＆FUJIWARA藤本＆＆フルーツポンチ村上＆狩野英孝＆ココリコ田中＆ケンドーコバヤシ＆二階堂ふみ;<a href='/post/2017-10-16-160407-4529802'>LINK</a>
2016-04-07;立ちトーク</br><mark>AMETALK 站立TALK 20160407</mark>;フットボールアワー＆麒麟・川島＆ピース綾部＆＆ウーマンラッシュアワー村本＆博多華丸＆＆スピードワゴン小沢＆FUJIWARA藤本＆＆相席スタート山﨑＆アンガールズ田中;<a href='/post/2017-10-16-160407-4529802'>LINK</a>
2016-03-31;学生時代の友達と コンビ組んでる芸人</br><mark>AMETALK 和学生时代的朋友组成组合的艺人 160331</mark>;千鳥＆ＮＯＮ　ＳＴＹＬＥ＆ジャルジャル＆＆どぶろっく＆ゴールデンボンバー鬼龍院・喜矢武;<a href='/post/2017-10-16-160331-4423744'>LINK</a>
2016-03-24;ローカル番組やってます芸人;千鳥＆アンガールズ＆スピードワゴン井戸田＆＆COWCOW＆狩野英孝＆マンボウやしろ＆品川庄司・品川＆＆広瀬麻知子アナウンサー（静岡朝日テレビ）;NA
2016-03-17;第２回 だから嫌いなんだ発表会</br><mark>Ametalk 160317「我就是讨厌发表会2」</mark>;千原ジュニア＆ケンドーコバヤシ＆ピース又吉＆＆オードリー若林＆バカリズム＆＆アンタッチャブル山崎＆佐藤栞里＆カンニング竹山;<a href='/post/2019-10-18-160317-71520789'>LINK</a>
2016-03-10;只今ブレイク中!! 今年が大事芸人 ２０１６;とにかく明るい安村＆おかずクラブ・オカリナ＆＆トレンディエンジェル斎藤＆永野＆三四郎・小宮＆＆コロコロチキチキペッパーズ・ナダル＆＆メイプル超合金カズレーザー＆＆馬鹿よ貴方は・平井“ファラオ”光;NA
2016-03-03;実はおもしろ夫婦 のび太のパパとママ芸人;サバンナ高橋＆よゐこ有野＆織田信成＆＆鬼龍院翔＆バカリズム＆麒麟・川島＆＆荒ぶる神々・馬場＆阿佐ヶ谷姉妹・渡辺;NA
2016-02-25;桃太郎電鉄芸人;陣内智則＆若槻千夏＆バナナマン日村＆＆ケンドーコバヤシ＆野性爆弾ロッシー＆＆フルーツポンチ村上＆クマムシ長谷川;NA
2016-02-21;アメトーーーーク ２時間スペシャル!!(2)パクリたい-１ＧＰ</br><mark>ametalk SP 没有绘心艺人部分 160221</mark>;アンタッチャブル山崎＆ＦＵＪＩＷＡＲＡ藤本＆インポッシブル＆ジグザグジギー＆ＡＭＥＭＩＹＡ＆＆はなしょー＆千鳥＆永野＆シソンヌ＆北乃きい;<a href='/post/2017-10-16-160221-4050364'>LINK</a>
2016-02-21;アメトーーーーク ２時間スペシャル!!(1)絵心ない芸人</br><mark>ametalk SP 没有绘心艺人部分 160221</mark>;絵心ないゲスト：＆前田健太＆チュートリアル徳井＆陣内智則＆＆中川家・礼二＆サンドウィッチマン伊達＆＆ロザン宇治原＆カンニング竹山＆絵心あるゲスト：＆中川翔子＆バカリズム＆麒麟・川島;<a href='/post/2017-10-16-160221-4050364'>LINK</a>
2016-02-18;最新DVD発売記念SP;;NA
2016-02-11;ついついダラしなくなっちゃう芸人</br><mark>AMETALK 一不小心就邋遢艺人 20160211</mark>;ブラックマヨネーズ小杉＆森三中・黒沢＆＆渡辺直美＆千鳥・大悟＆＆フルーツポンチ村上＆パンサー向井＆アンジャッシュ渡部;<a href='/post/2017-10-16-160211-4720400'>LINK</a>
2016-02-04;たくさんいるぞ!!オリラジ同期芸人;オリエンタルラジオ＆トレンディエンジェル＆＆フルーツポンチ＆はんにゃ＆ニッチェ＆三四郎＆ピース綾部;NA
2016-01-28;まだまだiPhone使いこなせない芸人;FUJIWARA藤本＆博多華丸＆森三中・黒沢＆＆中川家・礼二＆出川哲朗＆ピース又吉＆サバンナ高橋＆かじがや卓哉;NA
2016-01-21;今コレを伝えたい!! ピンポイントアカデミー大賞;ケンドーコバヤシ＆アンジャッシュ渡部＆＆なだぎ武＆パンクブーブー佐藤＆ロッチ中岡;NA
2016-01-14;ＳＰ延長戦(4)アメトーーク大賞;ケンドーコバヤシ＆博多華丸・大吉＆＆ブラックマヨネーズ＆チュートリアル徳井＆＆フットボールアワー後藤＆有吉弘行＆＆アンジャッシュ渡部＆スピードワゴン小沢＆＆サバンナ高橋＆狩野英孝＆＆ジャングルポケット斉藤＆パンサー尾形＆;NA
2016-01-14;ＳＰ延長戦(3)運動神経悪い芸人;サバンナ高橋＆よゐこ有野＆＆フットボールアワー後藤＆笑い飯・西田＆＆ナイツ塙＆麒麟・川島＆東京０３豊本＆＆ザブングル松尾＆＆御茶ノ水男子・しいはしジャスタウェイ＆＆フルーツポンチ村上＆歌広場淳（ゴールデンボンバー）＆ベッキー;NA
2016-01-14;ＳＰ延長戦(2)出川と狩野;キャイ～ン天野＆バカリズム＆FUJIWARA藤本;NA
2016-01-14;ＳＰ延長戦(1)ザキヤマ＆フジモンの パクリたい-１グランプリ;アンタッチャブル山崎＆FUJIWARA藤本＆ペペ・ＧＯ！皆川＆ななまがり＆勝又＆＆テツandトモ＆キャメルトロフィー＆がじゅまる＆＆千鳥＆永野＆コロコロチキチキペッパーズ;NA
2016-01-07;好きだと言ってほしい… にんにく芸人;ケンドーコバヤシ＆博多華丸＆Ｖ６長野＆＆アンジャッシュ渡部＆なかやまきんに君＆＆ずん飯尾;NA
2015-12-30;アメトーーーーーーーーーーク 年末５時間スペシャル!!(4)アメトーーク大賞;ケンドーコバヤシ＆博多華丸・大吉＆＆ブラックマヨネーズ＆チュートリアル徳井＆＆フットボールアワー後藤＆有吉弘行＆＆アンジャッシュ渡部＆スピードワゴン小沢＆＆サバンナ高橋＆狩野英孝＆＆ジャングルポケット斉藤＆パンサー尾形＆;NA
2015-12-30;アメトーーーーーーーーーーク 年末５時間スペシャル!!(3)運動神経悪い芸人;サバンナ高橋＆よゐこ有野＆＆フットボールアワー後藤＆笑い飯・西田＆＆ナイツ塙＆麒麟・川島＆東京０３豊本＆＆ザブングル松尾＆＆御茶ノ水男子・しいはしジャスタウェイ＆＆フルーツポンチ村上＆歌広場淳（ゴールデンボンバー）＆ベッキー;NA
2015-12-30;アメトーーーーーーーーーーク 年末５時間スペシャル!!(2)出川と狩野;キャイ～ン天野＆バカリズム＆FUJIWARA藤本;NA
2015-12-30;アメトーーーーーーーーーーク 年末５時間スペシャル!!(1)ザキヤマ＆フジモンの パクリたい-１グランプリ;アンタッチャブル山崎＆FUJIWARA藤本＆ペペ・ＧＯ！皆川＆ななまがり＆勝又＆＆テツandトモ＆キャメルトロフィー＆がじゅまる＆＆千鳥＆永野＆コロコロチキチキペッパーズ;NA
2015-12-24;年末5時間直前ＳＰ;12/30放送の5時間ＳＰの見所;NA
2015-12-10;もっとやれるはずだったのに… 2015反省会;品川庄司＆ＴＫＯ＆千鳥＆ジャルジャル＆＆デニス植野＆マテンロウ・アントニー;NA
2015-12-03;相方大好き芸人;タカアンドトシ＆ハライチ＆＆ニッチェ＆鬼越トマホーク;NA
2015-11-26;競馬芸人;麒麟・川島＆ペナルティ・ヒデ＆＆カンニング竹山＆千鳥ノブ＆＆ナイツ土屋＆ジャングルポケット斉藤＆重盛さと美;NA
2015-11-19;だから嫌いなんだ発表会!!;博多大吉＆ブラックマヨネーズ吉田＆＆中川家・礼二＆ケンドーコバヤシ＆＆バカリズム＆ナイツ土屋;NA
2015-11-12;銭湯大好き芸人;サバンナ高橋＆千原ジュニア＆宮川大輔＆＆麒麟・川島＆ロバート秋山＆ジューシーズ児玉＆おのののか;NA
2015-11-05;世界野球プレミア１２ 侍ジャパン応援芸人;アンジャッシュ渡部＆博多華丸＆＆チュートリアル徳井＆出川哲朗＆＆サンドウィッチマン伊達＆＆ザブングル松尾＆かみじょうたけし;NA
2015-10-29;祝15周年!! Perfumeスゴいぞ芸人</br><mark>151029 Ametalk 不会用Iphone艺人</mark>;サバンナ高橋＆ハリセンボン近藤＆＆栗原類＆ロマンポルシェ。掟ポルシェ＆＆ダイノジ大谷＆流れ星ちゅうえい＆IKKO＆千原ジュニア＆バカリズム;<a href='/post/2017-10-16-010209-2274374'>LINK</a>
2015-10-22;マネージャーと二人三脚芸人</br><mark>151022 Ametalk 与经纪人相互羁绊艺人</mark>;出川哲朗＆博多華丸・大吉＆＆サンドウィッチマン＆アンガールズ;<a href='/post/2017-10-16-151022-3252684'>LINK</a>
2015-10-15;ついつい食べすぎちゃう芸人;ブラックマヨネーズ小杉＆＆サンドウィッチマン伊達＆ニッチェ江上＆＆FUJIWARA藤本＆フォーリンラブ・バービー＆＆ジャングルポケット斉藤＆アンジャッシュ渡部;NA
2015-10-08;ＳＰ延長戦(3)ビビリ-１グランプリ;千原ジュニア＆宮川大輔＆ＦＵＪＩＷＡＲＡ藤本＆＆フルーツポンチ村上＆狩野英孝;NA
2015-10-08;ＳＰ延長戦(2)中学の時イケてないグループに属してた芸人 ～それぞれの高校生活～ ;サバンナ高橋＆博多大吉＆麒麟・川島＆＆ロバート＆笑い飯・西田＆;NA
2015-10-08;ＳＰ延長戦(1)芸人体当たりシミュレーション;平成ノブシコブシ吉村＆ハライチ澤部＆＆狩野英孝＆ジャングルポケット斉藤＆＆パンサー尾形＆あばれる君＆諸見里＆＆フルーツポンチ村上＆三四郎・小宮＆＆バイきんぐ小峠;NA
2015-10-02;アメトーーーーーーク 秋の３時間スペシャル!!(3)ビビリ-１グランプリ;千原ジュニア＆宮川大輔＆ＦＵＪＩＷＡＲＡ藤本＆＆フルーツポンチ村上＆狩野英孝;NA
2015-10-02;アメトーーーーーーク 秋の３時間スペシャル!!(2)中学の時イケてないグループに属してた芸人 ～それぞれの高校生活～;サバンナ高橋＆博多大吉＆麒麟・川島＆＆ロバート＆笑い飯・西田＆;NA
2015-10-02;アメトーーーーーーク 秋の３時間スペシャル!! (1)芸人体当たりシミュレーション;平成ノブシコブシ吉村＆ハライチ澤部＆＆狩野英孝＆ジャングルポケット斉藤＆＆パンサー尾形＆あばれる君＆諸見里＆＆フルーツポンチ村上＆三四郎・小宮＆＆バイきんぐ小峠;NA
2015-10-01;立ちトーーク;土田晃之＆ナイツ塙＆千鳥・大悟＆＆プラスマイナス兼光＆品川庄司・品川＆＆千原ジュニア＆陣内智則＆ロッチ・コカド＆＆鬼越トマホーク;NA
2015-09-24;波風立たせたくない芸人;博多華丸＆ずん飯尾＆ハリセンボン近藤＆＆フットボールアワー岩尾＆＆サンドウィッチマン伊達＆たんぽぽ川村＆ウーマンラッシュアワー村本＆misono;NA
2015-09-17;ゴールドジム芸人;品川庄司・品川＆オリエンタルラジオ藤森＆＆オードリー春日＆なかやまきんに君＆＆東京ダイナマイト・ハチミツ二郎＆＆ハマカーン浜谷＆レイザーラモンＨＧ＆＆ニブンノゴ！宮地＆KABA.ちゃん＆アンガールズ田中;NA
2015-09-10;若手プレゼン大会;おかずクラブ＆三四郎・小宮＆＆ピスタチオ伊地知＆マテンロウ・アントニー＆＆ひので池田＆まぁこ＆横澤夏子＆＆鬼ヶ島・アイアム野田;NA
2015-09-03;博多屋台大好き芸人;博多華丸・大吉＆パンクブーブー黒瀬＆＆パラシュート部隊・斉藤＆ブルーリバー川原＆ケンドーコバヤシ＆麒麟・川島;NA
2015-08-27;ひとりじゃいられない･･･ 寂しがりや兄さん;千原ジュニア＆サバンナ高橋＆よゐこ濱口＆＆スピードワゴン小沢＆平成ノブシコブシ吉村＆＆ウーマンラッシュアワー村本;NA
2015-08-20;猫メロメロ芸人</br><mark>150820 ametalk 萌猫艺人</mark>;チュートリアル徳井＆FUJIWARA原西＆＆バッファロー吾郎・竹若＆パンサー菅＆＆ハライチ岩井＆天竺鼠・川原＆サバンナ高橋;<a href='/post/2017-10-16-150820-3092377'>LINK</a>
2015-08-13;BESTトークセレクション;BESTトークセレクション;NA
2015-07-30;今コレを伝えたい!! ピンポイントアカデミー大賞;ココリコ田中＆笑い飯・哲夫＆たんぽぽ白鳥＆＆ハライチ澤部＆出川哲朗＆宮川大輔＆おのののか;NA
2015-07-23;ブラマヨ吉田を支持する会;ブラックマヨネーズ＆チュートリアル徳井＆＆藤井隆＆フットボールアワー後藤＆＆ウーマンラッシュアワー村本＆烏龍パーク橋本;NA
2015-07-18;緊急アメトーーーーク 高校野球大大大大好き 栄冠は君に輝くＳＰ!!;アンジャッシュ渡部＆上地雄輔＆長島三奈＆＆TIM・レッド吉田＆アンタッチャブル山崎＆＆いけだてつや＆ロッチ中岡＆＆トータルテンボス藤田＆かみじょうたけし＆＆とにかく明るい安村;NA
2015-07-09;イメージアップだ!!ボートレース芸人;博多華丸＆蛭子能収＆ブラックマヨネーズ吉田＆＆千鳥・大悟＆グランジ佐藤＆＆平成ノブシコブシ徳井＆怪獣すーなか＆FUJIWARA藤本＆本仮屋ユイカ;NA
2015-07-02;ビビリ-１グランプリ;千原ジュニア＆宮川大輔＆FUJIWARA藤本＆＆フルーツポンチ村上＆狩野英孝;NA
2015-06-25;スーパーマリオ芸人</br><mark>150625 ametalk 超级马里奥艺人</mark>;よゐこ有野＆博多華丸＆ヒャダイン＆＆次長課長・井上＆麒麟・川島＆＆バカリズム＆三四郎・小宮＆フジタ;<a href='/post/2017-10-16-150625-2847496'>LINK</a>
2015-06-18;読書芸人～オールロケ～;ピース又吉＆オアシズ光浦＆オードリー若林;NA
2015-06-11;芸人ドラフト;バカリズム＆有吉弘行＆東野幸治＆＆ブラックマヨネーズ小杉＆ベッキー;NA
2015-06-04;薄毛芸人;ブラックマヨネーズ小杉＆カンニング竹山＆＆FUJIWARA原西＆アンガールズ田中＆＆オジンオズボーン高松＆我が家・坪倉＆アンタッチャブル山崎;NA
2015-05-28;～なぜハマる？～キングダム芸人;大好きメンバー：＆ケンドーコバヤシ＆小島瑠璃子＆＆サバンナ高橋＆ポテト少年団・菊地＆＆平成ノブシコブシ吉村＆分からんゲスト：＆中川家・礼二＆オードリー若林＆;NA
2015-05-21;イイ女の雰囲気出してる芸人;オアシズ大久保＆渡辺直美＆ニッチェ近藤＆＆フォーリンラブ・バービー＆モリマン種馬マン＆＆やしろ優＆相席スタート山﨑;NA
2015-05-14;マイナス思考芸人</br><mark>150514 Ametalk 消极思考艺人</mark>;オードリー若林＆ブラックマヨネーズ吉田＆＆森三中・黒沢＆バカリズム＆＆日本エレキテル連合・中野＆＆ウーマンラッシュアワー村本＆おのののか;<a href='/post/2017-10-16-150514-2404469'>LINK</a>
2015-05-07;ロンブー同期芸人;ロンドンブーツ1号2号＆ペナルティ＆＆ケンドーコバヤシ;NA
2015-04-30;スポーツ新聞芸人;出川哲朗＆中川家・礼二＆勝俣州和＆＆アンジャッシュ渡部＆サバンナ高橋＆＆ビビる大木＆ますだおかだ増田＆＆スピードワゴン井戸田＆眞鍋かをり;NA
2015-04-23;いい歳して… 若い女の子大好き芸人;チュートリアル徳井＆スピードワゴン小沢＆＆アンジャッシュ渡部＆ＴＫＯ木下＆＆ペナルティ・ワッキー;NA
2015-04-16;お酒飲みすぎちゃう芸人;千原ジュニア＆博多大吉＆オアシズ大久保＆＆椿鬼奴＆麒麟・川島＆じゅんいちダビッドソン＆＆ドランクドラゴン鈴木;NA
2015-04-09;ＳＰ延長戦(3)勉強しまくった芸人;オリエンタルラジオ中田＆オアシズ大久保＆＆ロザン＆棚橋弘至＆田畑藤本・藤本＆＆フルーツポンチ村上＆レイザーラモンRG;NA
2015-04-09;ＳＰ延長戦(2)芸人体当たりシミュレーション;平成ノブシコブシ吉村＆狩野英孝＆＆ハライチ澤部＆ジャングルポケット斉藤＆＆パンサー尾形＆流れ星ちゅうえい＆＆オリエンタルラジオ藤森＆フルーツポンチ村上＆＆ロッチ中岡＆アンガールズ田中＆マギー＆足立梨花;NA
2015-04-09;"ＳＰ延長戦 (1)ザキヤマ&amp;フジモンがパクりたい-1GP";"アンタッチャブル山崎＆ＦＵＪＩＷＡＲＡ藤本＆コロコロチキチキペッパーズ・ですよ。・＆２７００・みなみのしま・バンビーノ・＆ザブングル・ボーイフレンド・＆すっちー&amp;吉田・クマムシ・スギちゃん";NA
2015-04-02;アメトーーーーーーク 春の３時間SP(3)勉強しまくった芸人</br><mark>150402 Ametalk 第三届抄袭段子大赛</mark>;オリエンタルラジオ中田＆オアシズ大久保＆＆ロザン＆棚橋弘至＆田畑藤本・藤本＆＆フルーツポンチ村上＆レイザーラモンRG;<a href='/post/2017-10-16-150402-2468617'>LINK</a>
2015-04-02;アメトーーーーーーク 春の３時間SP(2)芸人体当たりシミュレーション</br><mark>150402 Ametalk 第三届抄袭段子大赛</mark>;平成ノブシコブシ吉村＆狩野英孝＆＆ハライチ澤部＆ジャングルポケット斉藤＆＆パンサー尾形＆流れ星ちゅうえい＆＆オリエンタルラジオ藤森＆フルーツポンチ村上＆＆ロッチ中岡＆アンガールズ田中＆マギー＆足立梨花;<a href='/post/2017-10-16-150402-2468617'>LINK</a>
2015-04-02;アメトーーーーーーク 春の３時間SP (1)ザキヤマ＆フジモンがパクりたい-1GP</br><mark>150402 Ametalk 第三届抄袭段子大赛</mark>;アンタッチャブル山崎・ＦＵＪＩＷＡＲＡ藤本＆クマムシ・コロコロチキチキペッパーズ・＆ザブングル・すっちー＆吉田・ですよ。・＆２７００・バンビーノ・ボーイフレンド・＆みなみのしま;<a href='/post/2017-10-16-150402-2468617'>LINK</a>
2015-04-02;ちょっと弾けます ギター芸人</br><mark>150402 Ametalk 第三届抄袭段子大赛</mark>;フットボールアワー後藤＆狩野英孝＆＆東京０３角田＆スピードワゴン小沢＆＆松浦真也＆どぶろっく森＆野性爆弾・川島＆おのののか;<a href='/post/2017-10-16-150402-2468617'>LINK</a>
2015-03-26;立ちトーーク;博多華丸＆ケンドーコバヤシ＆どぶろっく森＆＆バカリズム＆スピードワゴン小沢＆＆チョコレートプラネット長田＆＆フットボールアワー＆おぎやはぎ小木＆;NA
2015-03-19;緊急！広島カープ芸人;チュートリアル徳井＆アンガールズ＆＆バイきんぐ西村＆ザ・ギース尾関＆＆ゴッホ向井ブルー;NA
2015-03-12;最新DVD発売記念SP;;NA
2015-03-05;しずかちゃん大好き芸人;サバンナ高橋＆織田信成＆＆鬼龍院翔＆ヒャダイン＆博多大吉＆＆よゐこ有野＆バカリズム＆麒麟・川島＆ハリセンボン;NA
2015-02-26; ダチョウ倶楽部を考えよう ;ダチョウ倶楽部＆土田晃之＆有吉弘行＆＆アンジャッシュ渡部＆デンジャラス安田＆＆カンニング竹山;NA
2015-02-19; ストリートファイターII芸人 </br><mark>150219 Ametalk街霸艺人</mark>;麒麟・川島＆よゐこ有野＆佐藤かよ＆＆ドランクドラゴン鈴木＆スリムクラブ真栄田＆＆アルコ＆ピース平子＆インパルス板倉＆＆ロバート山本＆武藤敬司＆ボビー＆武蔵;<a href='/post/2017-10-16-150219-8277953'>LINK</a>
2015-02-12; 明太子芸人 ;博多華丸＆ケンドーコバヤシ＆＆V6長野博＆アンジャッシュ渡部＆＆ロバート秋山・馬場＆中村アン;NA
2015-02-05; 独身こじらせ芸人 </br><mark>AMETALK  单身性格扭曲艺人 20150205</mark>;千原ジュニア＆アンジャッシュ渡部＆＆チュートリアル＆サバンナ高橋＆＆麒麟・川島;<a href='/post/2017-10-16-150205-6380154'>LINK</a>
2015-01-29; iPhone使いこなせない芸人 ;FUJIWARA藤本＆博多華丸＆森三中・黒沢＆＆中川家・礼二＆ピース又吉＆＆スピードワゴン井戸田＆ブルーリバー川原＆サバンナ高橋＆かじがや卓哉;NA
2015-01-22; 小沢という変人 </br><mark>150122 Ametalk 小沢这个怪咖</mark>;スピードワゴン小沢＆チュートリアル徳井＆品川庄司・品川＆＆東京ダイナマイト松田＆小島よしお＆磁石永沢＆大島麻衣＆マギー;<a href='/post/2017-10-16-150122-2319868'>LINK</a>
2015-01-15; ＳＰ延長戦 ;"<font color=""#e3057e""><b>(1)ザキヤマ＆フジモンが</b></font>＆パクりたい-１グランプリ＆アンタッチャブル山崎＆FUJIWARA藤本＆えんにち＆永井佑一郎＆永野＆＆ざしきわらし＆コーヒールンバ＆＆ジョイマン＆クマムシ＆ピスタチオ＆<font color=""#2faac5""><b>(2)運動神経悪い芸人</b></font>＆サバンナ高橋＆よゐこ有野晋哉＆＆フットボールアワー後藤＆笑い飯西田＆＆ナイツ塙＆東京０３豊本＆ザブングル松尾＆＆麒麟・川島＆フルーツポンチ村上＆ミムラ＆<font color=""#955093""><b>(3)出川と狩野</b></font>＆勝俣州和＆土田晃之＆キャイ～ン天野＆＆有吉弘行＆バカリズム＆FUJIWARA藤本＆<font color=""#fe5e00""><b>(4)アメトーーク大賞2014</b></font>＆ケンドーコバヤシ＆中川家・礼二＆＆チュートリアル徳井＆博多華丸・大吉＆＆フットボールアワー後藤＆アンタッチャブル山崎＆＆有吉弘行＆スピードワゴン小沢＆小籔千豊＆＆とろサーモン久保田＆ロッチ中岡＆＆狩野英孝＆三四郎・小宮＆品川庄司・品川＆＆サンドウィッチマン富澤＆アンガールズ田中";NA
2015-01-08; 立ちトーーク ;品川庄司・品川＆ピース又吉＆椿鬼奴＆＆バカリズム＆関根勤＆ケンドーコバヤシ＆＆よゐこ濱口＆小籔千豊＆スピードワゴン井戸田＆＆三四郎・小宮;NA
2014-12-30; アメトーーーーーーーーーーク！年末５時間ＳＰ </br><mark>141230 Ametalk 年末5小时 SP！！！</mark>;"<font color=""#ff00ff"">(1)ザキヤマ＆フジモンがパクりたい-１グランプリ</font>＆アンタッチャブル山崎＆FUJIWARA藤本＆えんにち＆永井佑一郎＆永野＆＆ざしきわらし＆コーヒールンバ＆＆ジョイマン＆クマムシ＆ピスタチオ＆<font color=""#3984c6"">(2)運動神経悪い芸人</font>＆サバンナ高橋＆よゐこ有野晋哉＆＆フットボールアワー後藤＆笑い飯西田＆＆ナイツ塙＆東京０３豊本＆ザブングル松尾＆＆麒麟・川島＆フルーツポンチ村上＆ミムラ＆<font color=""#9c00ff"">(3)出川と狩野</font>＆勝俣州和＆土田晃之＆キャイ～ン天野＆＆有吉弘行＆バカリズム＆FUJIWARA藤本＆<font color=""#ff9c00"">(4)アメトーーク大賞2014</font>＆ケンドーコバヤシ＆中川家・礼二＆＆チュートリアル徳井＆博多華丸・大吉＆＆フットボールアワー後藤＆アンタッチャブル山崎＆＆有吉弘行＆スピードワゴン小沢＆小籔千豊＆＆とろサーモン久保田＆ロッチ中岡＆＆狩野英孝＆三四郎・小宮＆品川庄司・品川＆＆サンドウィッチマン富澤＆アンガールズ田中";<a href='/post/2017-10-16-141230-2293479'>LINK</a>
2014-12-25; 12/30放送5時間SPの見所＆直前予習 ;;NA
2014-12-11; もっとやれるはずだったのに・・・２０１４反省会 ;板倉俊之＆パンクブーブー＆スリムクラブ;NA
2014-12-04; ドラゴンクエスト芸人 </br><mark>ametalk 勇者斗恶龙艺人 141204</mark>;ケンドーコバヤシ＆中川翔子＆＆ドランクドラゴン塚地＆バッファロー吾郎・竹若＆＆麒麟・川島＆インパルス板倉＆＆東京ダイナマイト・ハチミツ二郎＆＆スピードワゴン小沢;<a href='/post/2017-10-16-141204-2083875'>LINK</a>
2014-11-27; 気付け！大谷翔平スゴイんだぞ芸人 ;アンジャッシュ渡部＆博多華丸＆長島三奈＆＆出川哲朗＆サンドウィッチマン伊達＆＆ザブングル松尾＆トータルテンボス藤田＆＆とにかく明るい安村＆フルーツポンチ村上＆＆森田みいこ;NA
2014-11-20; ＵＳＪ大好き芸人 ;ＴＫＯ木下＆陣内智則＆サバンナ高橋＆＆ＮＯＮ ＳＴＹＬＥ井上＆安田大サーカス団長安田＆＆ロザン菅＆ミサイルマン西代＆ゆにばーす川瀬;NA
2014-11-13; 下ネタへたくそ芸人 </br><mark>AMETALK 黄段子蹩脚艺人 20141113</mark>;博多華丸・大吉＆千原ジュニア＆＆麒麟・川島＆ＮＯＮ　ＳＴＹＬＥ石田＆＆ピース又吉＆アンガールズ田中＆ケンドーコバヤシ＆足立梨花＆イジリー岡田;<a href='/post/2017-10-16-141113-9730595'>LINK</a>
2014-11-06; 自分大好き芸人 </br><mark>141106 Ametalk 自恋艺人</mark>;自分大好き自覚組・・・＆品川庄司・品川＆ピース綾部＆＆自分大好き予備軍・・・＆ＴＫＯ木下＆ペナルティ・ヒデ＆＆カンニング竹山＆＆どぶろっく江口＆スピードワゴン小沢＆博多大吉＆バカリズム;<a href='/post/2017-10-16-141106-2221127'>LINK</a>
2014-10-30; 中川家大好き芸人 </br><mark>Ametalk 喜欢中川家的艺人 141030</mark>;中川家＆友近＆ケンドーコバヤシ＆＆サンドウィッチマン＆次長課長・井上聡;<a href='/post/2017-10-16-141030-2035389'>LINK</a>
2014-10-23; やるなら今しかねぇ！長渕剛芸人 ;フットボールアワー後藤＆勝俣州和＆＆ココリコ遠藤＆博多華丸＆＆アンジャッシュ児嶋＆＆東京03角田＆とろサーモン村田＆＆ペナルティ・ワッキー＆品川庄司・庄司;NA
2014-10-16; 立ちトーーク ;品川庄司・品川＆ダブルブッキング川元＆＆ハリセンボン近藤＆バカリズム＆＆アンジャッシュ渡部＆ケンドーコバヤシ＆＆陣内智則＆中川家・礼二＆＆よゐこ濱口＆ずん飯尾;NA
2014-10-09; ＳＰ延長戦 ;"チュートリアル徳井＆有吉弘行＆＆ハリセンボン近藤＆中川家・礼二＆＆ロバート秋山＆ピース綾部＆＆アンガールズ山根＆サンドウィッチマン＆<font color=""#2faac5""><b>第3回芸人体当たりシミュレーション</b></font>＆平成ノブシコブシ吉村＆ピース綾部＆＆狩野英孝＆ジャングルポケット斉藤＆＆パンサー尾形＆諸見里＆＆安田大サーカス・クロちゃん＆＆ハライチ澤部＆三四郎・小宮＆＆フルーツポンチ村上＆<font color=""#955093""><b>キモイと言われすぎ芸人</b></font>＆アンガールズ＆フットボールアワー岩尾＆＆ＮＯＮ　ＳＴＹＬＥ井上＆ドランクドラゴン鈴木＆＆三四郎・小宮＆ロッチ中岡＆＆ジャングルポケット斉藤＆＆安田大サーカス・クロちゃん＆+北乃きい";NA
2014-10-02; くされ縁芸人 </br><mark>AMETALK 孽缘艺人 第2弹 20141002</mark>;宮川大輔＆ココリコ田中＆藤井隆＆＆チュートリアル徳井＆スピードワゴン小沢＆＆ウド鈴木＆ずん飯尾＆トリンドル玲奈;<a href='/post/2017-10-16-141002-5531079'>LINK</a>
2014-09-25; ザキヤマ＆フジモンがパクリたい-1グランプリ </br><mark>崎山和藤本最想山寨段子大赛，2014.09.25【伦敦之心】</mark>;アンタッチャブル山崎＆ＦＵＪＩＷＡＲＡ藤本＆カゲヤマ＆クマムシ＆クールポコ。＆＆湘南デストラーデ＆天狗＆デンジャラス＆＆どぶろっく＆トレンディエンジェル＆＆日本エレキテル連合＆ピスタチオ＆＆フォーリンラブ＆ロバート秋山・山本＆足立梨花＆森田みいこ;<a href='/post/2017-10-16-140925-1802380'>LINK</a>
2014-09-25; アメトーーーーーーク秋の3時間スペシャル </br><mark>崎山和藤本最想山寨段子大赛，2014.09.25【伦敦之心】</mark>;"チュートリアル徳井＆有吉弘行＆＆ハリセンボン近藤＆中川家・礼二＆＆ロバート秋山＆ピース綾部＆＆アンガールズ山根＆サンドウィッチマン＆<font color=""#00ffff"">（2）第3回芸人体当たりシミュレーション</font>＆平成ノブシコブシ吉村＆ピース綾部＆＆狩野英孝＆ジャングルポケット斉藤＆＆パンサー尾形＆諸見里＆＆安田大サーカス・クロちゃん＆＆ハライチ澤部＆三四郎・小宮＆＆フルーツポンチ村上＆<font color=""#9c00ff"">（3）キモイと言われすぎ芸人</font>＆アンガールズ＆フットボールアワー岩尾＆＆ＮＯＮ　ＳＴＹＬＥ井上＆ドランクドラゴン鈴木＆＆三四郎・小宮＆ロッチ中岡＆＆ジャングルポケット斉藤＆＆安田大サーカス・クロちゃん＆+北乃きい";<a href='/post/2017-10-16-140925-1802380'>LINK</a>
2014-09-18; 坊主芸人vsロン毛芸人 ;坊主芸人・・・＆ＴＫＯ木下＆品川庄司・品川＆＆千鳥・大悟＆U字工事・益子卓郎＆＆あばれる君＆ロン毛芸人・・・＆笑い飯・西田＆ピース又吉＆＆ロッチ中岡＆パンサー菅＆天狗・川田＆中村アン;NA
2014-09-11; タッチ芸人 ;磯山さやか＆土田晃之＆＆キャイ～ン天野＆ビビる大木＆＆エレキコミックやつい＆＆ロザン菅＆ペナルティ・ワッキー＆たんぽぽ白鳥;NA
2014-09-04; 帰ろか・・・千鳥 ;東野幸治＆千鳥＆フットボールアワー後藤＆＆サバンナ高橋＆笑い飯・西田＆麒麟・川島;NA
2014-08-28; 格闘技やってる芸人 ;今田耕司＆千原ジュニア＆＆FUJIWARA原西＆品川庄司・品川＆＆タカダ・コーポレーションおやきくん＆＆レイザーラモンＨＧ＆東京ダイナマイト松田＆＆ドランクドラゴン鈴木＆フルーツポンチ村上;NA
2014-08-21; 最新DVD発売記念SP ;;NA
2014-08-07; 高校野球大大大好き芸人【延長戦】 ;アンジャッシュ渡部＆大友康平＆＆井森美幸＆アンタッチャブル山崎＆＆ロッチ中岡＆トータルテンボス藤田＆＆いけだてつや＆かみじょうたけし＆ラバーガール大水＆＆ロシアンモンキー・すーなか＆早出明弘;NA
2014-07-31; 高校野球大大大好き芸人 ;アンジャッシュ渡部＆大友康平＆＆井森美幸＆アンタッチャブル山崎＆＆いけだてつや＆ロッチ中岡＆＆トータルテンボス藤田＆かみじょうたけし;NA
2014-07-24; 人見知り芸人 その後 </br><mark>AMETALK「怕生艺人…后续」140724</mark>;オードリー若林＆有吉弘行＆バカリズム＆＆フットボールアワー岩尾＆麒麟・川島＆＆インパルス板倉＆笑い飯・西田＆＆サンドウィッチマン富澤;<a href='/post/2018-07-01-140724-25919831'>LINK</a>
2014-07-10; 農業高校芸人ｖｓ工業高校芸人 ;キャイ～ン・ウド＆松村邦洋＆＆前田健＆もう中学生＆グランジ佐藤＆ロンドンブーツ１号２号・淳＆＆スピードワゴン井戸田＆アンタッチャブル柴田＆＆ダブルブッキング川元＆アルコ＆ピース平子;NA
2014-07-03; 腰痛い芸人vsおなかピーピー芸人 ;腰痛い芸人・・・＆土田晃之＆出川哲朗＆ココリコ田中＆＆中川家・剛＆ロバート秋山＆おなかピーピー芸人・・・＆サバンナ高橋＆中川家・礼二＆＆ケンドーコバヤシ＆たんぽぽ川村＆＆東京ダイナマイト松田;NA
2014-06-26; 寂しいお父さん芸人 ;兵動大樹＆中川家・剛;NA
2014-06-19; 第2回芸人体当たりシミュレーション ;平成ノブシコブシ吉村＆狩野英孝＆＆アンタッチャブル柴田＆＆ジャングルポケット斉藤＆パンサー尾形＆＆三四郎・小宮＆天津・向＆ハライチ澤部＆＆とにかく明るい安村＆諸見里;NA
2014-06-12; ジャッキー・チェン芸人 ;ドランクドラゴン塚地＆与座よしあき＆＆品川庄司・品川＆フルーツポンチ村上＆河北麻友子;NA
2014-06-05; テンション高い芸人ｖｓ低い芸人 ;テンション高い・・・＆アンタッチャブル山崎＆＆ＦＵＪＩＷＡＲＡ藤本＆平成ノブシコブシ吉村＆テンション低い・・・＆博多大吉＆オードリー若林＆＆ピース又吉＆フットボールアワー岩尾＆＆ナイツ土屋＆平成ノブシコブシ徳井;NA
2014-05-29; 学生時代の友達とコンビ組んでる芸人（３） ;ココリコ＆オアシズ＆＆アンジャッシュ＆三四郎＆ハライチ＆益若つばさ＆足立梨花;NA
2014-05-22; トークセレクションＳＰ ;;NA
2014-05-15; ブスを受け入れられない芸人 ;ニッチェ近藤＆オアシズ大久保＆＆ＦＵＪＩＷＡＲＡ藤本＆品川庄司・品川＆＆バービー＆たんぽぽ白鳥＆＆フットボールアワー岩尾＆＆ピース綾部＆中村アン;NA
2014-05-08; 今、バイクが熱い芸人 ;ケンドーコバヤシ＆千原ジュニア＆＆おぎやはぎ矢作＆チュートリアル＆＆ハライチ岩井＆スピードワゴン井戸田＆＆ピース綾部＆バービー＆原幹恵;NA
2014-05-01; ＳＰ延長戦 ;"<font color=""#9c4999""><b>ヘン声芸人ｖｓ滑舌悪い芸人</b></font>＆ヘン声芸人…＆三四郎・小宮＆スリムクラブ真栄田＆＆安田大サーカス・クロちゃん＆滑舌悪い芸人…＆キャイ～ン・ウド鈴木＆＆ロンドンブーツ1号2号・田村亮＆＆ウーマンラッシュアワー村本＆＆ロッチ・コカド＆野性爆弾ロッシ―＆＆<font color=""#f61c8c""><b>Ｗ杯直前！ザックJAPAN応援芸人</b></font>＆土田晃之＆竹内由恵アナウンサー＆＆森山直太朗＆ペナルティ＆平畠啓史＆＆アンタッチャブル柴田＆パンサー尾形";NA
2014-04-29; 合体アメトーーーーク!ロンドンハーーツSP ;"<font color=""#9c00ff"">（1）ヘン声芸人ｖｓ滑舌悪い芸人</font>＆ヘン声芸人…＆三四郎・小宮＆スリムクラブ真栄田＆＆安田大サーカス・クロちゃん＆滑舌悪い芸人…＆キャイ～ン・ウド鈴木＆＆ロンドンブーツ1号2号・田村亮＆＆ウーマンラッシュアワー村本＆＆ロッチ・コカド＆野性爆弾ロッシ―＆＆<font color=""#ff00ff"">（2）Ｗ杯直前！ザックJAPAN応援芸人</font>＆土田晃之＆竹内由恵アナウンサー＆＆森山直太朗＆ペナルティ＆平畠啓史＆＆アンタッチャブル柴田＆パンサー尾形";NA
2014-04-24; 立ちトーーク </br><mark>AMETALK 站立TALK 第九弹 20140424</mark>;アンタッチャブル山崎＆フットボールアワー後藤＆＆千鳥・大悟＆中川家・礼二＆＆土田晃之＆博多華丸・大吉・華丸＆＆アンジャッシュ渡部＆麒麟・川島＆＆ダブルブッキング川元＆品川庄司・品川;<a href='/post/2017-10-16-140424-5705010'>LINK</a>
2014-04-17; 女子高芸人 ;いとうあさこ＆中村アン＆＆クワバタオハラ小原＆友近＆＆たかまつなな＆椿鬼奴＆＆アジアン馬場園＆ハリセンボン近藤＆ケンドーコバヤシ＆オードリー若林;NA
2014-04-10; CoCo壱番屋芸人 ;おぎやはぎ矢作＆ケンドーコバヤシ＆＆ペナルティ・ワッキー＆麒麟・川島＆＆ロッチ中岡＆相席スタート山添＆ジューシーズ児玉＆三四郎・小宮＆ジューシーズ松橋;NA
2014-04-03; 家族オカシイ芸人 ;ロバート秋山＆千原ジュニア＆＆フットボールアワー後藤＆陣内智則＆＆小籔千豊＆中川家・礼二＆＆ダイノジ大地＆アンガールズ田中;NA
2014-03-27; 第1回芸人体当たりシミュレーション ;平成ノブシコブシ＆＆ウーマンラッシュアワー村本＆狩野英孝＆＆ジャングルポケット斉藤＆パンサー尾形＆＆とろサーモン久保田＆磁石・永沢＆＆ジューシーズ児玉＆三四郎・小宮＆ベッキー;NA
2014-03-20; すぐ腹立つ芸人vs腹立たない芸人 ;すぐ腹立つ芸人…＆品川庄司・品川＆小籔千豊＆＆陣内智則＆中川家・礼二＆＆バカリズム＆インパルス板倉＆＆デニス植野＆腹立たない芸人…＆博多華丸＆ペナルティ・ヒデ＆＆バッファロー吾郎・竹若＆出川哲朗＆＆南海キャンディーズ・しずちゃん＆;NA
2014-03-13; モノマネ芸人2014 ;原口あきまさ＆ホリ＆みかん＆＆やしろ優＆神奈月;NA
2014-03-06; ジャイアン心の友芸人 </br><mark>胖虎的知心朋友艺人 2014.03.06【伦敦之心字幕组】</mark>;サバンナ高橋＆勝俣州和＆博多大吉＆＆キャイ～ン天野＆よゐこ有野＆＆バカリズム＆麒麟・川島;<a href='/post/2017-10-16-140306-1708467'>LINK</a>
2014-02-27; ジモンという男 ;ダチョウ倶楽部＆土田晃之＆＆有吉弘行＆デンジャラス安田＆＆アンジャッシュ渡部＆＆360°モンキーズ杉浦;NA
2014-02-20; アメトーーク！ベストセレクション ;;NA
2014-02-13; 福岡芸人会 ;博多華丸・大吉＆カンニング竹山＆＆ロバート秋山・馬場＆原口あきまさ＆＆パラシュート部隊・斉藤＆＆パンクブーブー黒瀬＆バイきんぐ小峠＆中川家・礼二＆河北麻友子;NA
2014-02-06; 柔道部芸人 ;サバンナ＆ロンブー田村亮＆ずん・やす＆＆武藤敬司＆ハマカーン浜谷＆＆ジャングルポケット太田＆あいすけ＆＆ウーマンラッシュアワー・中川パラダイス＆フルポン村上＆中村アン;NA
2014-01-30; ギスギスしてるけどキングコング同期芸人 </br><mark>AMETALK 20140130 KingKong同期艺人</mark>;キングコング＆ピース＆＆ウーマンラッシュアワー村本＆＆NON STYLE＆平成ノブシコブシ;<a href='/post/2018-12-11-140130-37944895'>LINK</a>
2014-01-23; ガラスの仮面芸人 ;オアシズ＆鈴木砂羽＆＆前田健＆ケンドーコバヤシ;NA
2014-01-16; しょうが芸人 ;博多華丸＆ケンドーコバヤシ＆＆バッファロー吾郎Ａ＆劇団ひとり＆＆アンジャッシュ渡部＆土肥ポン太＆＆サンドウィッチマン伊達;NA
2014-01-09; 年末5時間SP延長戦 ;・こんにちはハーフ芸人です!! ゴールデン＆・運動神経悪い芸人vsガリガリ芸人＆・出川と狩野 年末SP＆・アメトーーク大賞2013;NA
2013-12-30; アメトーーーーーーーーーーク！年末５時間ＳＰ </br><mark>Ametalk 2013 年末大赏 131230</mark>;"<font color=""#ff00ff"">(1)こんにちはハーフ芸人です!! ゴールデン</font>＆デニス植野＆マテンロウ・アントニー＆＆あわよくば・ファビアン＆＆ドラッパ・リロイ太郎＆＆デスペラード・サラミ＆マービンJr＆＆おもんぱか・大久保＆ラッツ和田＆＆0.03秒・ニコラス＆RED×BLUEペイン＆＆ギャルソン・ジャン＆ナポ＆<font color=""#9c00ff"">(2)運動神経悪い芸人vsガリガリ芸人</font>＆運動神経悪い芸人…サバンナ高橋＆＆フットボールアワー後藤＆笑い飯・西田＆＆ナイツ塙＆ザブングル松尾＆＆麒麟・川島＆フルーツポンチ村上＆ガリガリ芸人…アンガールズ＆＆COWCOW多田＆チュートリアル福田＆＆ノンスモーキン中尾＆ハリセンボン箕輪＆＆カラテカ矢部＆<font color=""#6badde"">(3)出川と狩野 年末ＳＰ</font>＆勝俣州和＆有吉弘行＆キャイ～ン天野＆＆よゐこ有野＆バカリズム＆FUJIWARA藤本＆<font color=""#ff9c00"">(4)アメトーーク大賞2013</font>＆ケンドーコバヤシ＆チュートリアル徳井＆＆オアシズ大久保＆博多華丸・大吉＆＆フットボールアワー後藤＆＆アンタッチャブル山崎＆有吉弘行＆＆ダチョウ倶楽部・上島＆中川家・礼二＆＆笑い飯・西田＆品川庄司・品川＆＆たんぽぽ白鳥＆鬼ヶ島おおかわら＆＆バイきんぐ小峠＆出川哲朗";<a href='/post/2017-10-16-131230-4343589'>LINK</a>
2013-12-26; 年末5時間直前ＳＰ ;12/30放送の5時間ＳＰの見所;NA
2013-12-12; 偶然を愛する芸人 ;ピース又吉＆ウド鈴木＆＆ロバート秋山＆麒麟・川島＆タケト＆＆笑い飯・西田＆ケンドーコバヤシ＆＆バナナマン日村＆博多華丸＆椿鬼奴＆＆ソラシド本坊＆バイきんぐ小峠;NA
2013-12-05; 第１回コンプレックス語ろう会 ;博多大吉＆チュートリアル徳井＆＆劇団ひとり＆土田晃之＆＆千原ジュニア＆有吉弘行＆＆フットボールアワー後藤＆＆アンジャッシュ渡部;NA
2013-11-28; スマホじゃない芸人 ;FUJIWARA藤本＆ロバート秋山＆＆中川家・礼二＆出川哲朗＆＆サンドウィッチマン＆ナイツ塙＆＆アンガールズ田中＆劇団ひとり＆サバンナ高橋;NA
2013-11-21; 俺たち くされ縁芸人 ;ダチョウ倶楽部・上島×有吉弘行＆千原ジュニア×FUJIWARA藤本＆バナナマン日村×バカリズム＆陣内智則×ケンドーコバヤシ;NA
2013-11-14; 好感度低い芸人 ;キングコング西野＆品川庄司・品川＆＆陣内智則＆ピース綾部＆＆ジャルジャル福徳＆スピードワゴン井戸田;NA
2013-11-07; 下ネタ大好き芸人２ ;チュートリアル徳井＆ケンドーコバヤシ＆＆友近＆我が家・坪倉＆＆シャンプーハット小出水＆オアシズ大久保＆益若つばさ;NA
2013-10-31; ボーイスカウト芸人 </br><mark>131031 ametalk 童子军艺人</mark>;ハリセンボン近藤＆東京03・豊本＆＆蛸壺・伊藤＆デニス植野＆;<a href='/post/2018-10-24-131031-34514979'>LINK</a>
2013-10-24; コイツら中学生芸人 ;アンタッチャブル山崎＆ネプチューン堀内＆＆宮川大輔＆よゐこ濱口＆＆アームストロング安村＆FUJIWARA藤本＆＆カンニング竹山＆ビビる大木;NA
2013-10-17; 第15回プレゼンＳＰ ;ケンドーコバヤシ＆有吉弘行＆＆サバンナ高橋＆ピース又吉＆＆ロバート秋山＆イシバシハザマ石橋＆＆デニス植野＆BLUE RIVER川原＆;NA
2013-10-10; 相方どうかしてるぜ芸人２ </br><mark>AMETALK 相方一言难尽艺人 131010</mark>;ブラックマヨネーズ＆博多華丸・大吉＆＆平成ノブシコブシ＆バイきんぐ＆長澤まさみ;<a href='/post/2017-10-16-131010-9070022'>LINK</a>
2013-10-03; 秋のゴールデンSP延長戦 </br><mark>AMETALK 想结婚想到不行艺人 第二弹延长战 131003</mark>;・掃除大好き芸人＆・顔で損してる芸人＆・結婚したくてしたくてタマらない芸人;<a href='/post/2019-04-28-131003-50698276'>LINK</a>
2013-10-03; 秋のゴールデンSP延長戦 </br><mark>AMETALK 长相吃亏艺人+扫除艺人 延长战 131003</mark>;・掃除大好き芸人＆・顔で損してる芸人＆・結婚したくてしたくてタマらない芸人;<a href='/post/2019-07-09-131003-58401598'>LINK</a>
2013-09-26; GEININ OF HARD ROCK </br><mark>AMETALK 长相吃亏艺人 130926</mark>;ビビる大木＆サンドウィッチマン富澤＆＆椿鬼奴＆レイザーラモンＲＧ＆＆ダイノジ＆飛石連休・藤井ペイジ＆＆X-GUNさがね;<a href='/post/2018-10-11-130926-33604838'>LINK</a>
2013-09-26; GEININ OF HARD ROCK </br><mark>AMETALK 想结婚想到不行艺人 第二弹 130926</mark>;ビビる大木＆サンドウィッチマン富澤＆＆椿鬼奴＆レイザーラモンＲＧ＆＆ダイノジ＆飛石連休・藤井ペイジ＆＆X-GUNさがね;<a href='/post/2019-01-01-130926-39617420'>LINK</a>
2013-09-26; GEININ OF HARD ROCK </br><mark>AMETALK 超喜欢扫除艺人 130926</mark>;ビビる大木＆サンドウィッチマン富澤＆＆椿鬼奴＆レイザーラモンＲＧ＆＆ダイノジ＆飛石連休・藤井ペイジ＆＆X-GUNさがね;<a href='/post/2019-06-10-130926-55134581'>LINK</a>
2013-09-26;アメトーーーーーークおめぇ顔なげぇーーな秋の3時間スペシャル</br><mark>AMETALK 长相吃亏艺人 130926</mark>;"<font color=""#ff00ff"">（1）掃除大好き芸人</font>＆品川庄司・品川＆ロバート馬場＆＆土田晃之＆どきどきキャンプ佐藤＆＆ハイキングウォーキング松田＆＆ジューシーズ松橋＆<font color=""#00ffff"">（2）顔で損してる芸人</font>＆ずん飯尾＆フットボールアワー岩尾＆＆ドランクドラゴン鈴木＆たんぽぽ＆＆ピース又吉＆笑い飯・西田＆＆千鳥・大悟＆バイきんぐ小峠＆<font color=""#9c00ff"">（3）結婚したくてしたくてタマらない芸人&lt;&lt;ゴールデン&gt;&gt;</font>＆オードリー＆よゐこ濱口＆＆サバンナ高橋＆ケンドーコバヤシ＆＆ドランクドラゴン塚地＆麒麟・川島＆＆ピース又吉＆ロッチ中岡＆＆マル秘ゲスト";<a href='/post/2018-10-11-130926-33604838'>LINK</a>
2013-09-26;アメトーーーーーークおめぇ顔なげぇーーな秋の3時間スペシャル</br><mark>AMETALK 想结婚想到不行艺人 第二弹 130926</mark>;"<font color=""#ff00ff"">（1）掃除大好き芸人</font>＆品川庄司・品川＆ロバート馬場＆＆土田晃之＆どきどきキャンプ佐藤＆＆ハイキングウォーキング松田＆＆ジューシーズ松橋＆<font color=""#00ffff"">（2）顔で損してる芸人</font>＆ずん飯尾＆フットボールアワー岩尾＆＆ドランクドラゴン鈴木＆たんぽぽ＆＆ピース又吉＆笑い飯・西田＆＆千鳥・大悟＆バイきんぐ小峠＆<font color=""#9c00ff"">（3）結婚したくてしたくてタマらない芸人&lt;&lt;ゴールデン&gt;&gt;</font>＆オードリー＆よゐこ濱口＆＆サバンナ高橋＆ケンドーコバヤシ＆＆ドランクドラゴン塚地＆麒麟・川島＆＆ピース又吉＆ロッチ中岡＆＆マル秘ゲスト";<a href='/post/2019-01-01-130926-39617420'>LINK</a>
2013-09-26;アメトーーーーーークおめぇ顔なげぇーーな秋の3時間スペシャル</br><mark>AMETALK 超喜欢扫除艺人 130926</mark>;"<font color=""#ff00ff"">（1）掃除大好き芸人</font>＆品川庄司・品川＆ロバート馬場＆＆土田晃之＆どきどきキャンプ佐藤＆＆ハイキングウォーキング松田＆＆ジューシーズ松橋＆<font color=""#00ffff"">（2）顔で損してる芸人</font>＆ずん飯尾＆フットボールアワー岩尾＆＆ドランクドラゴン鈴木＆たんぽぽ＆＆ピース又吉＆笑い飯・西田＆＆千鳥・大悟＆バイきんぐ小峠＆<font color=""#9c00ff"">（3）結婚したくてしたくてタマらない芸人&lt;&lt;ゴールデン&gt;&gt;</font>＆オードリー＆よゐこ濱口＆＆サバンナ高橋＆ケンドーコバヤシ＆＆ドランクドラゴン塚地＆麒麟・川島＆＆ピース又吉＆ロッチ中岡＆＆マル秘ゲスト";<a href='/post/2019-06-10-130926-55134581'>LINK</a>
2013-09-19; ウォーキング芸人 ;土田晃之＆ピース又吉＆＆シャンプーハット小出水＆＆オードリー若林＆どきどきキャンプ佐藤＆＆パンクブーブー黒瀬＆エリートヤンキー橘＆＆うしろシティ金子;NA
2013-09-12; 彼女の前では甘えん坊芸人 ;鬼ヶ島おおかわら＆FUJIWARA藤本＆＆サバンナ高橋＆TKO木下＆＆ロッチ・コカドケンタロウ＆ナイツ塙＆＆フルーツポンチ村上＆ジューシーズ児玉＆＆アルコ＆ピース平子＆マテンロウ・アントニー＆バカリズム＆大島麻衣;NA
2013-09-05; おもてなし大好き芸人 ;キャイ～ン天野＆ペナルティ・ヒデ＆＆麒麟・川島＆品川庄司・品川＆＆ロバート馬場＆ダイノジ大谷＆＆ジューシーズ松橋;NA
2013-08-29; 即興コントすぐやる芸人 ;;NA
2013-08-15; こんにちはハーフ芸人です!! ;デニス植野＆マテンロウ・アントニー＆＆あわよくば・ファビアン＆ドラッパ・リロイ太郎＆＆デスペラード・サラミ＆ぶらっくさむらい＆＆おもんぱか・大久保＆ラッツ和田＆＆0.03秒・ニコラス＆RED×BLUEペイン＆＆ギャルソン・ジャン;NA
2013-08-08; 関根勤 還暦ナイト!! ;キャイ～ン＆YOU＆藤井隆＆ずん＆出川哲朗;NA
2013-08-01; ハンサム芸人2013夏 ;チュートリアル徳井＆＆フットボールアワー後藤＆麒麟・川島＆＆パンサー向井＆ベイビーギャング北見＆＆しずる村上＆我が家・坪倉＆＆アンジャッシュ渡部＆ココリコ遠藤＆オアシズ大久保佳代子;NA
2013-07-25; 福本伸行先生にシビれた芸人っ・・・・・・・！ ;博多華丸＆ブラックマヨネーズ吉田＆＆サバンナ高橋＆パンクブーブー佐藤＆＆ハマカーン浜谷＆フルーツポンチ村上＆;NA
2013-07-11; 本当はスゴイ!!松村邦洋 ;勝俣州和＆ダチョウ倶楽部・上島＆＆有吉弘行＆千秋＆カンニング竹山;NA
2013-07-04; すぐモノ買っちゃう芸人 ;チュートリアル徳井＆千原ジュニア＆＆ケンドーコバヤシ＆バナナマン日村＆＆麒麟・川島＆アンタッチャブル山崎;NA
2013-06-27; 芸人に例える会 </br><mark>Ametalk 艺人比喻大会 超经典土田Part130627</mark>;千原ジュニア＆関根勤＆;<a href='/post/2017-10-16-130627-4343547'>LINK</a>
2013-06-22; アメトーーク特別編プレゼン大会若手芸人ＳＰ ;アルコ＆ピース平子＆磁石・永沢＆＆パンサー菅＆ジューシーズ松橋＆＆トップリード新妻＆グランジ佐藤＆＆なすなかにし＆鬼ヶ島・おおかわら＆＆井下好井・好井＆BLUE RIVER川原＆＆アームストロング安村;NA
2013-06-20; 結婚したくてしたくてタマらない芸人 </br><mark>AMETALK 想结婚想到不行艺人 130620</mark>;オードリー＆よゐこ濱口＆＆ドランクドラゴン塚地＆＆麒麟・川島＆ロッチ中岡＆＆アンガールズ田中＆安めぐみ;<a href='/post/2018-08-29-130620-30620078'>LINK</a>
2013-06-13; オシャレって何なの芸人 ;麒麟・川島＆有吉弘行＆＆オードリー若林＆博多大吉＆＆笑い飯・西田＆ジャルジャル後藤＆＆ハマカーン浜谷＆益若つばさ＆オリエンタルラジオ藤森;NA
2013-06-06; 熟女芸人４ ;ロバート秋山＆＆キャイ～ン・ウド鈴木＆ナイツ塙＆＆サンドウィッチマン伊達＆＆功力富士彦＆ジューシーズ児玉;NA
2013-05-30; すぐ緊張しちゃう芸人 ;アンジャッシュ児嶋＆＆キャイ～ン・ウド鈴木＆森三中・黒沢＆＆東京ダイナマイト松田＆＆NON STYLE石田＆笑い飯・西田;NA
2013-05-23; 今、プロレスが熱い芸人 ;ケンドーコバヤシ＆勝俣州和＆＆博多大吉＆東京03・豊本＆＆バッファロー吾郎Ａ＆＆ハリガネロック・ユウキロック＆＆東京ダイナマイト・ハチミツ二郎＆＆ユリオカ超特Ｑ;NA
2013-05-16; 偉人サミット ;ブラックマヨネーズ小杉＆＆ココリコ田中＆＆ペナルティ・ヒデ＆博多華丸＆＆アンガールズ山根＆ナイツ土屋＆＆安田大サーカス団長安田＆出川哲朗;NA
2013-05-09; 体毛のびのび芸人 ;ペナルティ・ワッキー＆ココリコ田中＆＆フットボールアワー岩尾＆品川庄司・品川＆＆原口あきまさ＆アンタッチャブル柴田＆＆キングオブコメディ今野;NA
2013-05-02; 将棋たのしい芸人 ;シャンプーハットてつじ＆つるの剛士＆＆小籔千豊＆ペナルティ・ワッキー＆＆インパルス板倉＆＆フルーツポンチ村上＆ザブングル加藤;NA
2013-04-25;10周年記念 アメトーーク大賞・第３夜【10年分の流行語大賞】;ケンドーコバヤシ＆＆キャイ～ン・ウド鈴木＆＆ダチョウ倶楽部＆有吉弘行＆＆アンタッチャブル山崎＆＆中川家＆博多華丸・大吉＆＆サバンナ高橋＆出川哲朗;NA
2013-04-18; 10周年記念 アメトーーク大賞・第２夜 ;関根勤＆ケンドーコバヤシ＆＆チュートリアル徳井＆土田晃之＆＆ダチョウ倶楽部・上島＆有吉弘行＆＆おぎやはぎ＆アンタッチャブル山崎＆＆森三中・黒沢＆中川家・礼二＆＆フットボールアワー後藤＆博多大吉＆＆サバンナ高橋＆ペナルティ＆＆品川庄司・品川＆出川哲朗;NA
2013-04-11; 10周年記念アメトーーク大賞 ;関根勤＆ケンドーコバヤシ＆＆チュートリアル徳井＆土田晃之＆＆ダチョウ倶楽部・上島＆有吉弘行＆＆おぎやはぎ＆アンタッチャブル山崎＆＆森三中・黒沢＆中川家・礼二＆＆フットボールアワー後藤＆博多大吉＆＆サバンナ高橋＆ペナルティ＆＆品川庄司・品川＆出川哲朗;NA
2013-04-04; 今こそ!!家電芸人・女の子大好き芸人 延長戦 ;;NA
2013-03-28; 出川と狩野・完全版 ;;NA
2013-03-22;アメトーーーーーーク春の家電と出川と狩野 孫のセイチョーーSP;"<font color=""#9c00ff"">(1)今こそ！！家電芸人</font>＆土田晃之＆キャイ～ン天野＆＆チュートリアル徳井＆品川庄司・品川＆＆ペナルティ・ヒデ＆＆ハリガネロック・ユウキロック＆＆劇団ひとり＆TKO木本＆安めぐみ＆浅尾美和＆<font color=""#6badde"">(2)女の子大好き芸人ＴＨＥゴールデン</font>＆チュートリアル徳井＆＆フットボールアワー後藤＆よゐこ濱口＆＆ココリコ遠藤＆我が家・坪倉＆＆アンジャッシュ渡部＆＆ペナルティ・ワッキー＆<font color=""#ff00ff"">(3)出川と狩野ゴールデン</font>＆よゐこ有野＆ＦＵＪＩＷＡＲＡ藤本＆＆有吉弘行＆バカリズム";NA
2013-03-21; DVD25・26・27巻発売記念SP ;土田晃之＆ケンドーコバヤシ＆＆陣内智則＆オリエンタルラジオ中田＆＆オアシズ大久保佳代子＆品川庄司＆＆ザ・ギース尾関＆狩野英孝＆出川哲朗＆トリンドル玲奈;NA
2013-03-14; ひとり暮らし長～い芸人 </br><mark>AMETALK 一个人住很久艺人 20130314</mark>;キャイ～ン天野＆よゐこ濱口＆＆有吉弘行＆おぎやはぎ矢作＆＆麒麟・川島＆バイきんぐ小峠;<a href='/post/2017-10-16-130314-6234695'>LINK</a>
2013-03-07; スネ夫にくめない芸人 ;サバンナ高橋＆よゐこ有野＆＆バカリズム＆キャイ～ン天野＆＆麒麟・川島＆なだぎ武＆＆２丁拳銃・修士;NA
2013-02-28; 芸人の新ルールを考えよう３ ;バナナマン日村＆笑い飯・西田＆＆博多大吉＆有吉弘行＆おぎやはぎ;NA
2013-02-21; 女子っぽい芸人 ;Ｂコース・ナベ＆ＦＵＪＩＷＡＲＡ藤本＆＆サバンナ高橋＆チュートリアル徳井＆＆フットボールアワー岩尾＆ロバート馬場＆＆NON STYLE井上＆ハマカーン神田＆ケンドーコバヤシ;NA
2013-02-19;WBC直前特別番組 緊急アメトーーーーク！侍ジャパン応援芸人;チュートリアル徳井＆ココリコ遠藤＆＆博多華丸＆カンニング竹山＆＆サンドウィッチマン伊達＆＆アンジャッシュ渡部＆＆スピードワゴン小沢＆ナイツ塙＆ずん飯尾;NA
2013-02-14; カメラかじってる芸人 ;小籔千豊＆よゐこ有野＆＆劇団ひとり＆ＣＯＷＣＯＷ山田＆＆ハリガネロック・ユウキロック＆;NA
2013-02-07; ツッコミの相方がおかしくなった芸人 ;品川庄司＆サバンナ＆＆ドランクドラゴン＆＆オリエンタルラジオ＆＆スリムクラブ＆NON STYLE;NA
2013-01-31; 北斗の拳芸人 ;キャイ～ン天野＆土田晃之＆＆よゐこ濱口＆ペナルティ・ヒデ＆＆シャンプーハット小出水＆＆アンガールズ山根＆ケンドーコバヤシ;NA
2013-01-24; コンビＢＥＳＴセレクション ;コンビの面白トーク集をランキング形式で発表!!;NA
2013-01-17; 年末5時間SP延長戦 ;・デブ芸人vsガリガリ芸人＆・徹子の部屋大賞＆・絵心ない芸人・第3弾＆・アメトーーク大賞2012＆・宮迫復活・未公開シーン;NA
2013-01-10; お餅芸人 ;ケンドーコバヤシ＆バッファロー吾郎Ａ＆＆博多華丸＆劇団ひとり＆＆ドランクドラゴン塚地＆ロバート秋山;NA
2012-12-30;アメトーーーーーーーーーーク2012年ラスト輝く!!最優秀芸人46名やってくれたな黒地蔵どうした!?5時間SP;"<font color=""#9c00ff"">(1)デブ芸人vsガリガリ芸人</font>＆【デブ芸人】＆石塚英彦＆内山信二＆ハリセンボン近藤＆＆タイムマシーン3号・関＆安田大サーカスHIRO＆【ガリガリ芸人】＆アンガールズ＆ＣＯＷＣＯＷ多田＆＆カラテカ矢部＆ハリセンボン箕輪＆<font color=""#3984c6"">(2)徹子の部屋大賞</font>＆間寛平＆ロンブー田村亮＆＆チュートリアル＆ＦＵＪＩＷＡＲＡ＆＆原口あきまさ＆フットボールアワー＆＆平成ノブシコブシ＆オリエンタルラジオ＆<font color=""#ff00ff"">(3)絵心ない芸人・第3弾</font>＆チュートリアル徳井＆陣内智則＆＆カンニング竹山＆サンドウィッチマン伊達＆＆ロザン宇治原＆中川家・礼二＆ケンドーコバヤシ＆＆バッファロー吾郎・竹若＆中川翔子＆<font color=""#ff9c00"">(4)アメトーーク大賞2012</font>＆ケンドーコバヤシ＆チュートリアル徳井＆＆フットボールアワー後藤＆博多華丸・大吉＆＆山崎弘也＆オアシズ大久保＆＆中川家・礼二＆麒麟・川島＆＆フルポン村上＆東京ダイナマイト松田＆";NA
2012-12-13; 第１４回プレゼンＳＰ ;ケンドーコバヤシ＆サバンナ高橋＆＆笑い飯・西田＆ドランクドラゴン塚地＆＆ナイツ＆Ｂコース＆品川庄司;NA
2012-12-06; もっともっとテレビに出たい芸人 ;東京ダイナマイト＆タイムマシーン３号＆＆カナリア＆アップダウン＆とろサーモン;NA
2012-11-29; 出川と狩野 ;関根勤＆土田晃之＆キャイ～ン天野＆;NA
2012-11-22; 麻雀芸人 </br><mark>AMETALK 麻将艺人 20121122</mark>;陣内智則＆アンジャッシュ児嶋＆＆ロンブー田村亮＆ケンドーコバヤシ＆＆博多華丸＆スピードワゴン小沢＆;<a href='/post/2017-10-16-121122-7113471'>LINK</a>
2012-11-15; 下ネタ芸人？ </br><mark>AMETALK 最喜欢黄段子艺人 20121115</mark>;チュートリアル徳井＆＆オアシズ大久保佳代子＆＆ケンドーコバヤシ＆友近＆＆我が家・坪倉;<a href='/post/2017-10-16-121115-11521462'>LINK</a>
2012-11-08; 衣装決まってる芸人 </br><mark>AMETALK 服装固定艺人 20121108</mark>;オードリー春日＆スギちゃん＆;<a href='/post/2018-07-28-121108-27945361'>LINK</a>
2012-11-01; バイク芸人２ ;ケンドーコバヤシ＆山口智充＆＆チュートリアル＆ノッチ＆劇団ひとり;NA
2012-10-25; ケンカしたり仲直りしたり芸人 </br><mark>Ametalk 时而吵架时而和好艺人 121025</mark>;パンクブーブー＆アンジャッシュ;<a href='/post/2018-08-20-121025-29814456'>LINK</a>
2012-10-18; 相思相愛・売れてる先輩×売れてない後輩 ;千原ジュニア×Ｂコース・タケト＆ブラックマヨネーズ吉田×烏龍パーク橋本＆博多大吉×天津・向＆ケンドーコバヤシ×ネゴシックス;NA
2012-10-11; 秋のゴールデンSP延長戦・第2部 ;(1)勉強大好き芸人＆オリエンタルラジオ中田＆＆オアシズ光浦靖子＆＆フットボールアワー岩尾＆ロザン＆＆笑い飯・哲夫＆かまいたち山内＆＆パンサー向井＆小島よしお＆＆フルーツポンチ村上＆(2)部活やってたけど補欠芸人＆アンタッチャブル山崎弘也＆＆博多大吉＆兵動大樹＆中川家・礼二＆＆COWCOW多田＆笑い飯・哲夫＆(3)女の子苦手芸人 第2弾＆ケンドーコバヤシ＆有吉弘行＆＆バカリズム＆オードリー若林＆＆インパルス板倉＆はんにゃ金田＆＆アンガールズ田中;NA
2012-10-04; 秋のゴールデンSP延長戦・第1部 ;(1)勉強大好き芸人＆オリエンタルラジオ中田＆＆オアシズ光浦靖子＆＆フットボールアワー岩尾＆ロザン＆＆笑い飯・哲夫＆かまいたち山内＆＆パンサー向井＆小島よしお＆＆フルーツポンチ村上＆(2)部活やってたけど補欠芸人＆アンタッチャブル山崎弘也＆＆博多大吉＆兵動大樹＆中川家・礼二＆＆COWCOW多田＆笑い飯・哲夫＆(3)女の子苦手芸人 第2弾＆ケンドーコバヤシ＆有吉弘行＆＆バカリズム＆オードリー若林＆＆インパルス板倉＆はんにゃ金田＆＆アンガールズ田中;NA
2012-09-28;アメトーーーーーーク！勉強と部活と女の子で秋の陣･･･そこは逆SP;"<font color=""#ff0000"">(1)勉強大好き芸人</font>＆オリエンタルラジオ中田＆＆オアシズ光浦靖子＆＆フットボールアワー岩尾＆ロザン＆＆笑い飯・哲夫＆かまいたち山内＆＆パンサー向井＆小島よしお＆＆フルーツポンチ村上＆<font color=""#3984c6"">(2)部活やってたけど補欠芸人</font>＆アンタッチャブル山崎弘也＆＆博多大吉＆兵動大樹＆中川家・礼二＆＆COWCOW多田＆笑い飯・哲夫＆<font color=""#ff00ff"">(3)女の子苦手芸人 第2弾</font>＆ケンドーコバヤシ＆有吉弘行＆＆バカリズム＆オードリー若林＆＆インパルス板倉＆はんにゃ金田＆＆アンガールズ田中";NA
2012-09-27; 元・今が旬芸人 ;オードリー＆はるな愛＆＆アンガールズ＆スリムクラブ＆＆Ｗコロン・ねづっち＆小島よしお＆スギちゃん;NA
2012-09-20; DVD22・23・24巻発売記念SP ;ケンドーコバヤシ＆博多華丸・大吉＆＆麒麟・川島＆オードリー若林＆＆ロザン宇治原＆フルーツポンチ村上＆;NA
2012-09-16; アメトーーク!プレゼンツ浅草芸人 師匠めぐり ;ナイツ＆U字工事＆Wコロン＆東 京丸・京平、ビックボーイズ、＆春風 こうた・ふくた、新山 ひでや・やすこ、＆すず風 にゃん子・金魚、結城たかし、＆チャンス青木、もりあきのり;NA
2012-09-13; どうした！？品川 ;インパルス板倉＆千鳥＆＆Ｂコース・タケト＆ギンナナ金成;NA
2012-09-06; ガリガリ芸人 ;アンガールズ＆ＣＯＷＣＯＷ多田＆＆インパルス板倉＆ラバーガール大水＆＆ＮＯＮ ＳＴＹＬＥ石田＆カラテカ矢部;NA
2012-08-30; 涙腺よわよわ芸人 </br><mark>Ametalk 爱哭艺人 120830</mark>;サバンナ高橋＆ウド鈴木＆＆フットボールアワー後藤＆＆ＦＵＪＩＷＡＲＡ藤本＆スピードワゴン小沢＆＆麒麟・田村＆パンクブーブー黒瀬;<a href='/post/2017-10-16-120830-6616468'>LINK</a>
2012-08-23; 富士山芸人 ;ほっしゃん。＆天津・木村＆＆なだぎ武＆劇団ひとり;NA
2012-08-16; 真夏の祭典お宝トーク放出ＳＰ ;;NA
2012-08-09; くくれない芸人博2012 ;ココリコ田中＆中川家・礼二＆友近＆＆フットボールアワー岩尾＆ロッチ・コカド＆＆たんぽぽ川村;NA
2012-08-02; お風呂大好き芸人 ;サバンナ高橋＆博多華丸＆＆ペナルティ・ヒデ＆ロッチ・コカド＆＆どきどきキャンプ佐藤＆＆オードリー若林＆麒麟・川島;NA
2012-07-26; 第１３回プレゼンＳＰ ;東野幸治＆チュートリアル徳井＆＆オードリー若林＆博多華丸・大吉＆＆麒麟・川島＆Ｂコース・タケト＆COWCOW;NA
2012-07-12; ジョジョの奇妙な芸人・第２部 ;ケンドーコバヤシ＆中川翔子＆＆スピードワゴン小沢＆なだぎ武＆＆麒麟・田村＆バッファロー吾郎・竹若＆＆野性爆弾・川島;NA
2012-07-05; バツイチつらいよ芸人 ;ココリコ遠藤＆スピードワゴン井戸田＆＆ＴＫＯ木下＆バッファロー吾郎Ａ＆＆東京03角田＆東京ダイナマイト;NA
2012-06-28; またまたホリケンほっとけない芸人 ;レッド吉田＆ビビる大木;NA
2012-06-21; 広島カープ芸人 ;チュートリアル徳井＆有吉弘行＆＆アンガールズ＆ロザン宇治原＆＆ザ・ギース尾関;NA
2012-06-14; 勉強しかしてこなかった芸人 ;オリエンタルラジオ中田＆オアシズ光浦＆＆ロザン＆笑い飯・哲夫＆ハリセンボン箕輪＆＆かまいたち山内＆アンガールズ田中;NA
2012-06-07; 師匠サミット ;千鳥＆サバンナ高橋＆中川家・剛＆＆ナイツ＆ＴＫＯ木下＆＆安田大サーカス・団長安田;NA
2012-05-31; サッカー日本代表応援芸人 ;土田晃之＆スキマスイッチ常田＆＆ペナルティ＆千鳥ノブ＆＆ライセンス井本＆パンサー尾形;NA
2012-05-24; 華丸・大吉芸人【第２夜】 ;博多華丸・大吉＆藤井隆＆椿鬼奴＆＆ケンドーコバヤシ＆パンクブーブー＆＆麒麟＆天津・向＆原口あきまさ＆＆バッドボーイズ＆パラシュート部隊＆＆スーパーマラドーナ武智＆＆スパローズ森田＆＆プー＆ムー・おたこぷー＆＆ケン坊田中＆シベリア文太;NA
2012-05-17; 華丸・大吉芸人【第１夜】 ;博多華丸・大吉＆藤井隆＆椿鬼奴＆＆ケンドーコバヤシ＆パンクブーブー＆＆麒麟＆天津・向＆原口あきまさ＆＆バッドボーイズ＆パラシュート部隊＆＆スーパーマラドーナ武智＆＆スパローズ森田＆＆プー＆ムー・おたこぷー＆＆ケン坊田中＆シベリア文太;NA
2012-05-10; ゴールデンSP延長戦・第２部ロンドンハーツ芸人 完全版 ;ロンドンブーツ１号２号＆国生さゆり＆＆フットボールアワー後藤＆有吉弘行＆＆カンニング竹山＆アンタッチャブル山崎＆＆misono＆熊田曜子＆フルーツポンチ村上＆＆平成ノブシコブシ吉村＆狩野英孝＆;NA
2012-05-03;ゴールデンSP延長戦・第１部嫁を大事にしてる芸人 完全版;ロンブー田村亮＆土田晃之＆＆キングコング梶原＆パンクブーブー佐藤＆＆FUJIWARA原西＆千鳥ノブ＆COWCOW山田＆＆ナイツ塙＆サンドウィッチマン富澤;NA
2012-04-26; ここにいるよ・・・ネギ芸人 ;ケンドーコバヤシ＆バッファロー吾郎Ａ＆＆博多華丸＆劇団ひとり＆＆ナイツ塙＆ロッチ中岡;NA
2012-04-19; 学生時代の友達とコンビ組んでる芸人２ ;よゐこ＆FUJIWARA＆サンドウィッチマン＆;NA
2012-04-12; ラグビー芸人 ;中川家＆ケンドーコバヤシ＆＆サンドウィッチマン＆スリムクラブ真栄田＆＆ジャルジャル;NA
2012-04-05; 女の子苦手芸人 ;ケンドーコバヤシ＆有吉弘行＆＆バカリズム＆オードリー若林＆＆ピース又吉＆はんにゃ金田＆アンガ田中;NA
2012-03-29; 芸人の新ルールを考えよう２ ;南キャン山里＆バカリズム＆＆チュートリアル徳井＆関根勤＆ＹＯＵ＆＆有吉弘行＆劇団ひとり＆バナナマン;NA
2012-03-22; DVD19・20・21巻発売記念SP ;土田晃之＆ケンドーコバヤシ＆＆おぎやはぎ＆フルーツポンチ村上＆＆森三中＆野性爆弾ロッシー＆出川哲朗;NA
2012-03-15; 娘デレデレ芸人 ;勝俣州和＆博多華丸＆ペナルティ・ヒデ＆＆ＦＵＪＩＷＡＲＡ原西＆キングコング梶原＆＆シャンプーハット小出水＆中川家・礼二;NA
2012-03-08; 小忙しい芸人 ;麒麟＆博多華丸・大吉＆パンクブーブー＆＆千鳥＆フルーツポンチ;NA
2012-03-01; ～明日もロケです～旅芸人 ;宮川大輔＆ホンジャマカ石塚＆＆勝俣州和＆ウド鈴木＆千原せいじ＆;NA
2012-02-23; 東京に出てきたいけど芸人 ;千鳥＆テンダラー＆シャンプーハット＆＆ダイアン＆かまいたち＆たむらけんじ＆桐谷美玲;NA
2012-02-16; 待ってました!!ガヤ芸人 ;ＦＵＪＩＷＡＲＡ藤本＆アンタッチャブル山崎＆＆バナナマン設楽＆次課長・河本＆＆品庄・品川＆ますおか岡田＆志田未来＆ハリセンボン;NA
2012-02-09; ちゃんとしてなきゃいけない芸人 </br><mark>AMETALK 不能随便乱来艺人 20120209</mark>;麒麟・川島＆チュートリアル徳井＆＆インパルス板倉＆ペナルティ・ヒデ＆＆ロザン宇治原＆オードリー若林＆＆ノンスタ石田＆ダチョウ倶楽部・上島＆;<a href='/post/2017-09-12-120209-14402140'>LINK</a>
2012-02-02; 読書芸人 </br><mark>AMETALK 读书艺人 20120202</mark>;ピース又吉＆オードリー若林＆＆オアシズ光浦＆スピードワゴン小沢＆＆烏龍パーク橋本＆エリートヤンキー橘＆＆笑い飯・哲夫;<a href='/post/2017-10-16-120202-8348213'>LINK</a>
2012-01-26; 第12回プレゼンSP ;サバンナ高橋＆有吉弘行＆＆バカリズム＆アンガ田中＆＆麒麟・川島＆千鳥＆たんぽぽ;NA
2012-01-19; 愛方大好き芸人２ </br><mark>AMETALK 超喜欢相方艺人第二弹 含未公开 120119</mark>;キャイ～ン＆フットボールアワー＆＆博多華丸・大吉＆アジアン＆ロッチ;<a href='/post/2017-10-16-120119-5206140'>LINK</a>
2012-01-12;アメトーーク！ゴールデンＳＰ延長戦中学の時イケてない紅白合戦完全版;サバンナ高橋＆オリラジ中田＆＆ロバート山本＆なだぎ武＆＆スリムクラブ真栄田＆森三中 大島＆＆アジアン馬場園＆ハリセンボン箕輪＆＆バービー＆たんぽぽ＆少年少女坂口;NA
2011-12-30; アメトーーーーーーーーーク輝く!!最優秀芸人48名運動神経イケてない(秘)ヒザ神4時間40分SP ;"<font color=""#ff00ff"">（1）運動神経悪い大賞</font>＆サバンナ高橋＆よゐこ有野＆＆フット後藤＆笑い飯 西田＆＆ナイツ塙＆東京03豊本＆麒麟 川島＆＆ザブングル松尾＆フルポン村上＆杉山愛＆平愛梨＆ローラ＆<font color=""#9c00ff"">（2）中学の時イケてない紅白合戦</font>＆サバンナ高橋＆オリラジ中田＆＆麒麟 川島＆博多大吉＆ロバート山本＆＆なだぎ武＆スリムクラブ真栄田＆＆森三中 大島＆アジアン馬場園＆＆ハリセンボン箕輪＆バービー＆たんぽぽ＆<font color=""#ff9c00"">（3）アメトーーク大賞２０１１</font>＆土田晃之＆チュート徳井＆フット後藤＆＆ケンドーコバヤシ＆ウド鈴木＆＆有吉弘行＆アンタ山崎＆博多華丸大吉＆＆森三中 大島 黒沢＆ピース又吉＆＆麒麟 川島＆笑い飯 西田＆＆出川哲朗＆サンドウィッチマン＆＆東京ダイナマイト松田＆ガリチュウ熊谷＆＆ロッチ中岡＆アンガ田中＆諸見里";NA
2011-12-15; 島耕作芸人 ;アンジャッシュ渡部＆ペナルティ・ヒデ＆＆博多華丸＆ドランク塚地＆＆パンブー佐藤＆バッファロー吾郎;NA
2011-12-08; 不動前芸人 ;ケンドーコバヤシ＆フット後藤＆＆博多大吉＆なかやまきんに君＆＆天津＆アジアン隅田;NA
2011-12-01; ダチョウ倶楽部を考えよう ;ダチョウ倶楽部＆土田晃之＆有吉弘行＆＆カンニング竹山＆デンジャラス＆＆インスタントジョンソン・すぎ。;NA
2011-11-24; 泥の９７年デビュー組３ ;ギンナナ＆あべこうじ＆佐久間一行＆＆カリカやしろ＆Ｂコース＆ガリットチュウ＆＆井上マー＆ニブンノゴ！;NA
2011-11-17; ＫＡＲＡ芸人 ;ケンドーコバヤシ＆桂三度＆＆関根勤＆ドランク塚地＆ダイノジ大谷＆＆ますおか増田＆ニブンノゴ！宮地;NA
2011-11-10; 芸人の新ルールを考えよう ;ドランク鈴木＆オアシズ大久保＆＆有吉弘行＆オードリー若林＆＆ピース又吉＆麒麟・川島;NA
2011-11-03; 先輩に可愛がってもらえない芸人 ;麒麟・川島＆インパルス板倉＆＆ノンスタイル石田＆パンクブーブー佐藤＆＆トータルテンボス大村＆ハライチ岩井＆;NA
2011-10-27; 児嶋あそび </br><mark>Ametalk 玩弄儿岛指南 20111027</mark>;アンジャッシュ児嶋＆バナナマン設楽＆＆アンタ山崎＆おぎやはぎ＆＆有吉弘行＆バカリズム;<a href='/post/2019-03-02-111027-45148036'>LINK</a>
2011-10-20; ゴールデンSP延長戦・第２部 ;運動神経悪い芸人・完全版＆サバンナ高橋＆よゐこ有野＆＆フット後藤＆笑い飯・西田＆＆ナイツ塙＆東京０３豊本＆＆ザブングル松尾＆麒麟・川島＆＆フルポ村上＆ベッキー;NA
2011-10-13; ゴールデンSP延長戦・第１部 ;・絵心ない芸人２＆チュートリアル徳井＆＆陣内智則＆カンニング竹山＆＆サンドウィッチマン伊達＆＆ロザン宇治原＆中川家・礼二＆＆ケンドーコバヤシ＆バッファロー竹若＆・太ってきた芸人＆アンタッチャブル山崎＆宮川大輔＆＆森三中・黒沢＆渡辺直美＆＆ロバート秋山＆出川哲朗＆ＹＯＵ＆・運動神経悪い芸人＆サバンナ高橋＆よゐこ有野＆＆フット後藤＆笑い飯・西田＆＆ナイツ塙＆東京０３豊本＆＆ザブングル松尾＆麒麟・川島＆＆フルポ村上＆ベッキー;NA
2011-10-06; 立ち食いそば芸人 ;バッファロー木村＆ケンドーコバヤシ＆＆博多華丸＆シャンプーハット小出水＆＆ダイノジ大谷＆アンガールズ田中＆＆ハリウッドザコシショウ＆あびる優;NA
2011-10-06;アメトーーーーーーク！～ない～ない～ない～秋の３大できない祭!!;"<font color=""#ff00ff"">（1）☆食欲の秋☆太ってきた</font>＆アンタッチャブル山崎＆宮川大輔＆＆森三中・黒沢＆渡辺直美＆＆ロバート秋山＆出川哲朗＆ＹＯＵ＆<font color=""#9c00ff"">（2）☆スポーツの秋☆運動神経悪い芸人３</font>＆サバンナ高橋＆よゐこ有野＆＆フット後藤＆笑い飯・西田＆＆ナイツ塙＆東京０３豊本＆＆ザブングル松尾＆麒麟・川島＆＆フルポ村上＆ベッキー＆<font color=""#ff9c00"">（3）☆芸術の秋☆絵心ない芸人２</font>＆チュートリアル徳井＆＆陣内智則＆カンニング竹山＆＆サンドウィッチマン伊達＆＆ロザン宇治原＆中川家・礼二＆＆ケンドーコバヤシ＆バッファロー竹若";NA
2011-09-29; 立ちトーーク８ ;ダイノジ＆バカリズム＆＆ドランク塚地＆有吉弘行＆＆よゐこ濱口＆おぎやはぎ＆＆笑い飯・西田＆ますおか岡田;NA
2011-09-22; DVD16・17・18巻発売記念SP ;ケンコバ＆チュート徳井＆＆フルポン村上＆諸見里;NA
2011-09-15; のび太ほっとけない芸人 ;サバンナ高橋＆よゐこ有野＆＆キャイ～ン天野＆バカリズム＆＆麒麟・川島＆なだぎ武＆＆二丁拳銃・川谷;NA
2011-09-08; 最初、すごく暗かったけど段々明るくなってきた芸人 </br><mark>Ametalk 最初非常阴暗之后慢慢开朗艺人 110908</mark>;ピース又吉＆インパルス板倉＆＆ハリセン箕輪＆スピワゴ小沢＆＆笑い飯･西田＆平成ノブコブ吉村＆＆麒麟･川島＆たんぽぽ＆＋オリラジ藤森＆あやまんJAPAN;<a href='/post/2018-06-02-110908-24269131'>LINK</a>
2011-09-01; ええ声芸人 ;麒麟･川島＆キャイ～ン天野ひろゆき＆＆ケンドーコバヤシ＆ライセンス藤原＆＆髭男爵･山田ルイ53世＆＆東京ダイナマイト松田＆＆サンドウィッチマン富澤＆＋ヘン声芸人;NA
2011-08-25; トイレの紙様芸人 ;キャイ～ン･ウド鈴木＆土田晃之＆＆おぎやはぎ＆どきキャン佐藤＆＆博多大吉＆ケンドーコバヤシ;NA
2011-08-18; P★LEAGUE芸人 ;土田晃之＆ペナルティ･ヒデ＆＆博多大吉＆ケンドーコバヤシ＆＆ますおか岡田＆＆どてちんレンジャー野崎;NA
2011-08-11; 魁!! 男塾芸人 ;サンドウィッチマン＆ペナルティ･ヒデ＆＆ドランク塚地＆バッファロー竹若＆＆博多華丸･大吉＆ケンドーコバヤシ;NA
2011-08-04; 第3回芸人ドラフト会議 ;千原ジュニア＆バナナマン設楽＆＆フットボール後藤＆有吉弘行;NA
2011-07-28; 禁煙つらいよ芸人 </br><mark>戒烟好煎熬的艺人们，2011.07.28【伦敦之心字幕组】</mark>;フットボール後藤＆ザキヤマ＆＆チュート徳井＆ココリコ遠藤＆＆麒麟･川島＆ニブンノゴ森本＆;<a href='/post/2017-10-16-110728-1645454'>LINK</a>
2011-07-21; 転校生芸人 ;ＴＫＯ木下＆サンドウィッチマン＆＆ナイツ塙＆ロザン菅＆北陽･虻川＆＆ペナルティ･ワッキー＆劇団ひとり＆＋黒木メイサ;NA
2011-07-07; 絵心ない芸人 ;チュート徳井＆陣内智則＆＆カンニング竹山＆ロザン宇治原＆＆絵心ある芸人＆…バッファロー竹若＆ケンコバ;NA
2011-06-30; 第11回プレゼンＳＰ ;ウド鈴木＆土田晃之＆＆おぎや小木＆ペナルティ・ヒデ＆＆ケンコバ＆オードリー若林＆＆麒麟・川島＆ピース;NA
2011-06-23; 熟女芸人３ ;ロバート秋山＆ウド鈴木＆＆ピース綾部＆オードリー春日＆＆功力富士彦＆ナイツ塙＆＆平成ノブシコブシ吉村;NA
2011-06-16; ゴルフ芸人 ;おぎやはぎ＆ココリコ遠藤＆＆キングコング梶原＆出川哲朗＆アンチ・ゴルフ派＆FUJIWARA 藤本＆あびる優;NA
2011-06-09; 実家がお店やってる芸人 ;ますだおかだ＆＆カナリア＆東京ダイナ松田＆＆ジャンポケ武山;NA
2011-06-02; 歌って♪ＳＯＮＧ ＦＯＲ ＭＥ ;森三中・黒沢＆＆ロバート秋山＆＆ダイノジ大地＆＆野性爆弾・川島;NA
2011-05-26; 幸せいっぱい奥さま芸人 ;山田花子＆くわばたりえ＆;NA
2011-05-19; 沖縄芸人 ;ガレッジセール＆＆スリムクラブ＆＆キャン×キャン＆＆与座よしあき＆諸見里;NA
2011-05-12; マイナー軍団の集い ;ロンブー亮軍団＆カンニング竹山軍団＆オードリー春日軍団＆パンブー黒瀬軍団＆ロッチ中岡軍団;NA
2011-05-05; モノマネ祭り２０１１ ;松村邦洋＆コージー冨田＆＆山本高広＆原口あきまさ＆＆イジリー岡田＆神奈月＆＆福田彩乃＆ホリ;NA
2011-04-28; 大阪だよりシーズン２ ;東野幸治＆サバンナ高橋＆＆小籔千豊＆シャンプーハット＆＆千鳥＆テンダラー浜本;NA
2011-04-21; お酒飲めない芸人 ;サンドウィッチマン＆よゐこ濱口＆＆FUJIWARA藤本＆ロバート秋山＆＆ピース綾部＆ガリットチュウ熊谷＆＆アンガールズ田中;NA
2011-04-14; 立ちトーーク７ ;ロッチ・コカド＆東京03角田＆＆よゐこ有野＆土田晃之＆＆磯野貴理＆バナナマン＆＆バカリズム＆ナイツ土屋＆＆アンバランス山本;NA
2011-04-07; ゴールデンSP延長戦 ;(1)徹子の部屋芸人＆(2)滑舌悪い芸人＆(3)ド田舎芸人;NA
2011-03-31; 小型犬は家族だ芸人 ;FUJIWARA藤本＆よゐこ濱口＆＆ガレッジ･ゴリ＆世界のナベアツ＆＆バッドボーイズ佐田＆神奈月;NA
2011-03-31; 春のゴールデン３時間SP!! ;"<font color=""#ff00ff"">(1)徹子の部屋芸人</font>＆間寛平＆ロンブー亮＆庄司智春＆＆森三中＆Ｗコロン＆島田秀平＆＆ナイツ＆ピース＆友近＆<font color=""#00ffff"">(2)滑舌悪い芸人</font>＆ロッチ･コカド＆ロンブー亮＆おぎや矢作＆＆キンコメ高橋＆野性爆弾ロッシー＆＆ガリットチュウ熊谷＆長州小力＆＆2700八十島＆ニューロマンスおにぎり＆＆<font color=""#9c00ff"">(3)ド田舎芸人</font>＆有吉弘行＆アンガールズ田中＆＆東京ダイナマイト松田＆鉄拳＆＆ハイキングＱ太郎＆天竺鼠･川原＆＆ノンスモーキン菊池＆＆ミルククラウン･ジェントル＆狩野英孝＆＋水川あさみ＆(4)マル秘ゲストあり!!";NA
2011-03-24; DVD13･14･15巻発売記念SP ;ウド鈴木＆ケンドーコバヤシ＆＆ピース又吉＆麒麟･川島＆＆千鳥＆フルーツポンチ村上;NA
2011-03-17;中学イケてない芸人思い出ランキングBEST10;;NA
2011-03-10; 女子プロレス芸人 ;博多大吉＆ケンドーコバヤシ＆＆ユリオカ超特Q＆ハチミツ二郎＆＆東京03豊本＆Bコース･タケト＆＆ユウキロック;NA
2011-03-03; 女の子大好き芸人 ;チュートリアル徳井＆フットボール後藤＆＆ピース綾部＆ＴＫＯ木下＆＆アンジャッシュ渡部＆オリラジ藤森＆＆ペナルティ･ワッキー;NA
2011-02-24; マネージャーほったらかし芸人 ;FUJIWARA藤本＆千原せいじ＆＆ペナルティ･ヒデ＆友近＆;NA
2011-02-17; 滑舌悪い芸人 ;ロッチ･コカド＆ロンブー田村亮＆＆野性爆弾ロッシー＆キンコメ高橋＆＆ガリットチュウ熊谷＆おにぎり＆ハム諸見里;NA
2011-02-10; 男子高芸人 </br><mark>AMETALK 男子高校艺人 110210</mark>;バカリズム＆オードリー若林＆＆サンドウィッチマン＆ピース又吉＆＆ザブングル松尾＆Ｕ字工事;<a href='/post/2017-10-16-110210-6478629'>LINK</a>
2011-02-03; ネタ書いてない方芸人 ;ロッチ中岡＆博多華丸＆＆FUJIWARA原西＆サバンナ八木＆＆ロバート馬場＆ハイキングQ太郎＆＆オードリー春日＆ドラドラ鈴木;NA
2011-01-27; 39（サンキュー）オアシズ姐さん ;オアシズ＆森三中＆＆北陽＆いとうあさこ＆;NA
2011-01-20; ゴールデンＳＰ延長戦・第2部 ;売れてないのに子供いる芸人＆＆江頭2:50コーナー完全版;NA
2011-01-13; ゴールデンＳＰ延長戦・第1部 ;運動神経悪い芸人＆自粛シーン公開SP;NA
2011-01-07; 新春ゴールデン３時間SP ;土田晃之＆キャイ～ン天野＆＆細川茂樹＆劇団ひとり＆＆チュート徳井＆ペナルティ･ヒデ＆＆ユウキロック＆品川祐＆(2)運動神経悪い芸人＆サバンナ高橋＆よゐこ有野＆＆笑い飯･西田＆ナイツ塙＆＆東京03豊本＆ザブングル松尾＆＆麒麟･川島＆フルポン村上＆(3)売れてないのに子供いる芸人＆ガリットチュウ福島＆ニブンノゴ森本＆＆アンバラス黒川＆天竺鼠･瀬下＆＆ダイノジ＆特殊免許･土方＆＆代走みつくに＆ラフコントロール重岡＆＆ロシアンモンキー中須＆＆エレファントジョン森枝;NA
2011-01-06; 持ち込み企画プレゼンＳＰ ;ケンコバ＆チュート徳井＆＆サバンナ高橋＆博多華丸＆＆しずる村上＆鳥居みゆき＆＆アンガ田中＆ハライチ＆＆ペナルティ;NA
2010-12-23; 第４回アメトーーク大賞（後半戦） ;関根勤＆ケンコバ＆おぎやはぎ＆＆博多華丸大吉＆笑い飯･西田＆＆フルポン村上＆椿鬼奴＆＆バッファロー木村＆FUJIWARA藤本＆＆中川家剛＆ねづっち＆ニブンノゴ宮地＆＆RG＆ますおか岡田＆ペナ･ワッキー＆;NA
2010-12-16; 第４回アメトーーク大賞（前半戦） ;関根勤＆ケンコバ＆おぎやはぎ＆＆博多華丸大吉＆笑い飯･西田＆＆フルポン村上＆椿鬼奴＆＆バッファロー木村＆FUJIWARA藤本＆＆中川家剛＆ねづっち＆ニブンノゴ宮地＆＆RG＆ますおか岡田＆ペナ･ワッキー＆;NA
2010-12-09; 天下一品芸人 ;世界のナベアツ＆ケンドーコバヤシ＆＆チュートリアル＆ますおか岡田＆＆麒麟･田村＆サバンナ＆＆ブラックマヨネーズ小杉;NA
2010-12-02; 競馬芸人 ;麒麟･川島＆ペナルティ･ヒデ＆＆シャンプーハット＆ナイツ土屋＆＆ジャングルポケット斉藤＆＆カンニング竹山;NA
2010-11-25; おうち大好き芸人 ;オードリー若林＆博多大吉＆＆チュートリアル福田＆＆アンジャッシュ児嶋＆＆アンガールズ田中;NA
2010-11-18; ビー･バップ･ハイスクール芸人 ;土田晃之＆ケンドーコバヤシ＆＆ペナルティ･ヒデ＆サバンナ高橋＆＆パンクブーブー黒瀬＆ピース綾部＆＆バッドボーイズ佐田＆野性爆弾･川島;NA
2010-11-11; 運動神経悪い芸人 ;サバンナ高橋＆よゐこ有野＆＆笑い飯･西田＆ナイツ塙＆＆東京03豊本＆フルポン村上＆＆ザブングル松尾;NA
2010-11-04; DVD10･11･12巻発売記念SP ;キャイ～ン･ウド鈴木＆＆ドランクドラゴン＆オードリー若林＆＆Wコロン･ねづっち＆出川哲朗;NA
2010-10-28; 嫁を大事にしてる芸人 ;関根勤＆よゐこ有野＆＆プラン9ヤナギブソン＆＆サンドウィッチマン富澤;NA
2010-10-21; ゴールデンSP延長戦･第2部 ;中学の時イケてない＆グループ芸人･完全版;NA
2010-10-14; ゴールデンSP延長戦･第1部 ;プロ野球は不滅です芸人＆部活しかしてなかった芸人＆自粛シーン公開SP;NA
2010-10-07; 梨大好き芸人 ;ケンドーコバヤシ＆バナナマン＆＆博多華丸＆おぎや小木＆;NA
2010-10-07; 秋のゴールデン３時間SP ;(1)学生時代、部活しかしてなかった芸人＆ココリコ遠藤＆ハイキング松田＆＆ペナルティ＆ガレッジ川田＆＆北陽･虻川＆オードリー若林＆＆はんにゃ金田＆ロッチ中岡＆＋石原さとみ＆小倉優子＆(2)中学の時イケてないグループに属していた芸人＆サバンナ高橋＆オリラジ中田＆＆博多大吉＆ロバート＆＆麒麟･川島＆フルポン村上＆＆NON STYLE石田＆笑い飯･西田＆(3)プロ野球は永遠に不滅です芸人＆山崎弘也＆ココリコ遠藤＆＆陣内智則＆オードリー春日＆＆有吉弘行＆ビビる大木＆＆博多華丸＆ますおか岡田＆＆＋本仮屋ユイカ;NA
2010-09-30; 元コンビ芸人 ;ケンドーコバヤシ＆陣内智則＆＆バカリズム＆島田秀平＆＆ゆってぃ;NA
2010-09-23; 泥の97年デビュー組2 ;カリカ＆ギンナナ＆Bコース＆＆ガリットチュウ＆井上マー＆＆佐久間一行＆ニブンノゴ!;NA
2010-09-16; 立ちトーーク６ ;山崎弘也＆カンニング竹山＆＆モンエン西森＆サバンナ高橋＆＆有吉弘行＆ケンドーコバヤシ＆＆小木博明＆ロッチ･コカド＆＆ライセンス藤原＆FUJIWARA藤本;NA
2010-09-09; ロンドンハーツ芸人 ;ロンドンブーツ1号2号＆出川哲朗＆＆狩野英孝＆TKO木下＆ムーディ勝山＆＆フルーツポンチ村上＆ゆってぃ;NA
2010-09-02; ケータイないと不安芸人 ;ペナルティ･ヒデ＆ココリコ遠藤＆＆バナナマン日村＆FUJIWARA藤本＆＆サンドウィッチマン富澤;NA
2010-08-26; ラ★ゴリスターズ ;ハイキングウォーキング＆ピース＆＆イシバシハザマ＆平成ノブシコブシ;NA
2010-08-19; ミナミの帝王芸人 ;友近＆鈴木つかさ＆バッファロー木村＆＆サンドウィッチマン伊達＆土肥ポン太＆＆笑い飯･哲夫＆神奈月;NA
2010-08-12; ノープラン沖縄ロケ３ ;ガレッジセールと沖縄ロケ第3弾＆今回も台本なしのノープラン旅行;NA
2010-08-05; サッカー日本代表大好き芸人（？） ;千秋＆ガリットチュウ福島＆岡田圭右＆+土田晃之＆ペナルティ・ヒデ;NA
2010-07-29; ひとり呑み芸人 ;チュート福田＆ブラマヨ吉田＆＆Ｕ字工事･福田＆ザブングル松尾;NA
2010-07-22; 学生時代、部活しかしてなかった芸人 ;ハイキング松田＆ココリコ遠藤＆＆ペナルティ＆中川家･剛＆＆天竺鼠＆ザブングル加藤＆＆ロッチ中岡;NA
2010-07-08; RG同好会 ;レイザーラモンRG＆＆ケンドーコバヤシ＆友近＆＆椿鬼奴＆バッファロー吾郎;NA
2010-07-01; トリオ芸人 ;ロバート＆森三中＆＆ダチョウ倶楽部＆＆東京03＆我が家;NA
2010-06-24; 実はツッコミがしたい芸人 ;キャイ～ン･ウド鈴木＆出川哲朗＆＆山崎邦正＆オードリー春日＆＆ハイキングＱ太郎＆狩野英孝＆＆小島よしお;NA
2010-06-17; グラップラー刃牙芸人 ;ケンドーコバヤシ＆東野幸治＆＆関根勤＆キャイ～ン天野＆＆次長課長･井上＆バッファロー吾郎;NA
2010-06-10; サッカー日本代表ベスト４応援芸人 ;土田晃之＆ペナルティ＆;NA
2010-06-03; 気にしすぎ芸人 ;ピース又吉＆南キャン山里＆＆世界のナベアツ＆烏龍パーク橋本＆＆ハリセン箕輪＆スピワゴ小沢＆＆ロッチ中岡;NA
2010-05-27; 相方どうかしてるぜ芸人 ;ブラックマヨネーズ＆バナナマン＆＆ジャリズム＆サバンナ;NA
2010-05-20; 元カラオケバイト芸人 ;ピース綾部＆ロバート秋山＆＆ペナルティ・ヒデ＆しずる村上＆＆ザブングル＆ダブルブッキング黒田;NA
2010-05-13; もっとホリケンほっとけない芸人 ;出川哲朗＆東貴博＆レッド吉田＆＆サバンナ高橋＆ビビる大木;NA
2010-05-06; 鈴木拓ナイト ;ドランクドラゴン＆おぎやはぎ＆＆ラバーガール飛永＆＆アンジャッシュ児嶋＆＆アンタッチャブル山崎;NA
2010-04-29; ポンコツ芸人 ;三村マサカズ＆上島竜兵＆;NA
2010-04-22; 立ちトーーク５ ;アンタ山崎＆カンニング竹山＆＆平成ノブコブ吉村＆オードリー若林＆＆ガレッジ・ゴリ＆関根勤＆＆ケンドーコバヤシ＆有吉弘行＆＆フットボールアワー;NA
2010-04-15; ゴールデン延長戦・第２部 ;人見知り芸人;NA
2010-04-08; ゴールデンＳＰ延長戦 ;(3)ポテトサラダ芸人;NA
2010-04-01; ポテトサラダ芸人 ;ケンドーコバヤシ＆バナナマン日村＆＆サンド伊達＆バッファロー木村;NA
2010-04-01; ゴールデン３時間SP ;土田晃之＆キャイ～ン天野＆＆細川茂樹＆劇団ひとり＆＆チュート徳井＆ペナルティ・ヒデ＆＆ＴＫＯ木本＆ユウキロック＆品川庄司・品川＆(2)人見知り芸人＆オードリー若林＆有吉弘行＆＆インパルス板倉＆フット岩尾＆＆バカリズム＆サンド富澤＆＆麒麟・川島＆笑い飯・西田＆Ｕ字工事＆中川家・剛＆ロッチ中岡＆＆ピース綾部＆我が家・谷田部＆＆モンスターエンジン西森＆＆夙川アトム＆ねづっち;NA
2010-03-25; 持ち込み企画プレゼンＳＰ ;つんく♂＆キャイ～ン･ウド鈴木＆＆キングコング梶原＆陣内智則＆＆ケンドーコバヤシ＆カリカ＆ピース;NA
2010-03-18; お母さん大好き芸人 ;カンニング竹山＆＆オリラジ藤森＆オードリー春日＆＆ロッチ･コカド＆ロザン菅＆＆東京ダイナマイト松田＆＆アンガールズ田中;NA
2010-03-11; トキワ荘芸人 ;ハイキングウォーキング＆＆ハローケイスケ＆＆ロンブー田村亮＆ガレッジ川田＆＆バッファロー木村＆バナナマン日村＆＆バカリズム＆ロッチ;NA
2010-03-04; 大阪だより ;東野幸治＆サバンナ高橋＆小籔千豊＆＆シャンプーハット＆千鳥＆天竺鼠＆＋大阪との中継ゲストあり;NA
2010-02-25; バイク芸人 ;ケンドーコバヤシ＆山口智充＆＆チュートリアル福田＆ノッチ＆＆モンスターエンジン西森＆＆江戸むらさき野村＆パックン;NA
2010-02-18; 交渉人THE MOVIE芸人 ;ドランクドラゴン塚地＆+応援芸人たちが続々登場!!;NA
2010-02-11; キャプテン翼芸人 ;ペナルティ＆バッファロー吾郎＆＆土田晃之＆アンジャッシュ＆＆ライセンス井本＆庄司智春;NA
2010-02-04; 第2回芸人ドラフト会議 ;【指名者】博多大吉＆アンタ山崎＆＆オアシズ大久保＆狩野英孝;NA
2010-01-28; 学生時代の友達とコンビ組んでる芸人 </br><mark>AMETALK 和学生时代朋友组成组合的艺人 100128</mark>;サバンナ＆チュートリアル＆＆おぎやはぎ＆オードリー＆;<a href='/post/2017-10-16-100128-6135035'>LINK</a>
2010-01-21; DVD7･8･9巻発売記念SP ;ウド鈴木＆ケンドーコバヤシ＆＆有吉弘行＆ムーディ勝山＆＆出川哲朗＆ナイツ＆椿鬼奴＆;NA
2010-01-14; 新春ゴールデンＳＰ延長戦 ;俺達のゴールデンプロレス＆今年が大事芸人＆じゃない方芸人;NA
2010-01-07; 町工場芸人 ;Ｕ字工事＆中川家・剛＆＆ロッチ・中岡＆ピース・綾部＆＆モンスターエンジン・西森＆＆Ｗコロン・ねづっち;NA
2010-01-07; ゴールデン３時間SP ;"<font color=""#ff9c00"">（1）俺達のゴールデンプロレス</font>＆ケンドーコバヤシ＆勝俣州和＆＆神奈月＆原口あきまさ＆＆長州小力＆ユリオカ超特Ｑ＆＆ますだおかだ・岡田＆ユウキロック＆＆バッファロー吾郎＆<font color=""#ff00ff"">（2）今年が大事芸人２０１０</font>＆ブラックマヨネーズ＆オードリー＆＆フルーツポンチ＆有吉弘行＆＆＋特別講師・おぎやはぎ＆<font color=""#6badde"">（3）○○じゃない方芸人２</font>＆ガレッジ川田＆博多大吉＆＆ナイツ土屋＆Ｕ字工事・福田＆＆ハイキング松田＆ドランク鈴木＆＆どきキャン佐藤＆響・小林＆＆我が家・谷田部＆フルポン亘＆＆天津・向＆デンジャラス安田";NA
2009-12-24; ヘリクツ芸人 ;劇団ひとり＆おぎやはぎ＆バナナマン日村;NA
2009-12-17; 第３回アメトーーク大賞 ;ケンドーコバヤシ＆ブラマヨ小杉＆＆チュートリアル徳井＆椿鬼奴＆＆世界のナベアツ＆出川哲朗＆＆前田健＆おぎや小木＆有吉弘行＆＆特別審査員･･･里田まい＆上原美優;NA
2009-12-10; 口軽い芸人 ;サバンナ高橋＆FUJIWARA藤本＆＆おぎや小木＆オリラジ藤森＆＆TKO木本＆ニブンノゴ宮地＆＆カラテカ入江;NA
2009-12-03; やっぱり上戸彩芸人 ;関根勤＆アンタッチャブル山崎＆＆フットボールアワー＆南キャン山ちゃん＆＆麒麟・田村＆NON STYLE井上＆＆平成ノブシコブシ吉村＆＆Wエンジン･チャンカワイ;NA
2009-11-26; 逆襲のガンダム芸人 ;土田晃之＆千原せいじ＆＆バッファロー竹若＆ケンドーコバヤシ＆＆若井おさむ＆ライセンス井本＆;NA
2009-11-19; 人見知り芸人 ;オードリー若林＆有吉弘行＆＆インパルス板倉＆フッドボール岩尾＆＆バカリズム＆ライセンス藤原＆;NA
2009-11-12; 思いついたコトすぐ言いたい芸人 ;友近＆バッファロー吾郎＆＆FUJIWARA藤本＆ザ・プラン９ なだぎ武＆＆アンタッチャブル;NA
2009-11-05; ＴＫＦ（たむらけんじファミリー） ;たむらけんじ＆サバンナ＆＆チュートリアル＆野性爆弾＆＆シャンプーハット＆ストリーク吉本＆＆ミサイルマン西代;NA
2009-10-29; 持ち込み企画プレゼンＳＰ ;東野幸治＆ケンドーコバヤシ＆＆オードリー＆ペナルティ＆東京03＆ハイキングウォーキング＆＆サバンナ高橋;NA
2009-10-22; ゴールデン未公開･第2部 ;中学イケてない芸人;NA
2009-10-15; ゴールデン未公開･第1部 ;徹子の部屋芸人＆江頭2:50モノマネ;NA
2009-10-08; 椿鬼奴クラブ ;椿鬼奴＆藤井隆＆清水ミチコ＆＆オアシズ＆森三中＆博多大吉;NA
2009-10-08; ゴールデン３時間SP ;"<font color=""#ff9c00"">（1）秋の家電芸人祭り</font>＆土田晃之＆劇団ひとり＆細川茂樹＆＆チュートリアル徳井＆ペナルティ･ヒデ＆＆ユウキロック＆品川祐＆＋家電シロート･･･米倉涼子＆矢口真里＆<font color=""#ff00ff"">（2）徹子の部屋芸人</font>＆ガレッジセール＆有田哲平＆＆バナナマン＆ハリセンボン＆＆出川哲朗＆ますだおかだ＆＆ロザン＆南海キャンディーズ＆＆小島よしお＆＋仮想徹子コーナー･･･友近vsオードリー＆<font color=""#00ffff"">（3）中学イケてないグループ芸人</font>＆サバンナ高橋＆オリラジ中田＆＆オードリー春日＆ロバート＆麒麟･川島＆＆博多大吉＆フルーツポンチ村上＆＆笑い飯･西田＆＋中学イケてた女子･･･優香＆スザンヌ";NA
2009-10-01; 未公開＆ゴールデン直前ＳＰ ;遂に和田アキ子と鑑賞会＆アンタ山崎テキトー語録＆竜兵会・禁断のウラ側＆○○じゃない方芸人　ほか;NA
2009-09-24; 立ちトーーク４ ;ウド鈴木＆もう中学生＆＆オリエンタルラジオ＆カリカ家城＆＆千原せいじ＆FUJIWARA藤本＆＆ケンドーコバヤシ＆ビビる大木＆＆ますおか岡田;NA
2009-09-17; 熟女芸人２ ;ロバート秋山＆ウド鈴木＆＆オードリー春日＆サンド伊達＆＆ピース綾部＆ジョイマン高木＆＆ナイツ塙;NA
2009-09-10; 俺たちのプロレスオールスター延長戦 ;ケンドーコバヤシ＆有田哲平＆＆ユリオカ超特Ｑ＆長州小力＆＆原口あきまさ＆神奈月＆イジリー岡田;NA
2009-09-03; 俺たちのプロレスオールスター戦 ;ケンドーコバヤシ＆有田哲平＆＆ユリオカ超特Ｑ＆長州小力＆＆原口あきまさ＆神奈月;NA
2009-08-27; 東京にハマってない芸人 ;メッセンジャー黒田＆兵動大樹＆;NA
2009-08-20; ノープラン沖縄ロケ２ ;ガレッジセールと沖縄ロケ第2弾＆今回も台本なしのノープラン旅行;NA
2009-08-13; 小杉イジりたい芸人 ;ブラマヨ小杉＆サバンナ高橋＆＆千原ジュニア＆ケンドーコバヤシ＆＆バナナマン＆たむらけんじ＆小島よしお;NA
2009-08-06; 雨上がり20周年特別企画 ;サプライズお笑い怪獣＆…明石家さんま;NA
2009-07-30; 最近の一発屋事情 ;有吉弘行＆つぶやきシロー＆＆ダンディ坂野＆ムーディ勝山＆＆三瓶＆藤崎マーケット＆＆長州小力＆レイザーラモンHG;NA
2009-07-23; 和田という男 ;勝俣州和＆カンニング竹山＆＆ますだおかだ＆ライセンス;NA
2009-07-09; DVD4･5･6巻発売記念SP ;関根勤＆チュート徳井＆友近＆＆ケンドーコバヤシ＆出川哲朗＆＆サバンナ高橋＆おぎやはぎ・小木＆;NA
2009-07-02; 肥後という男シーズンII ;デンジャラス＆＆インスタントジョンソンすぎ。;NA
2009-06-25; ミニコント芸人 ;;NA
2009-06-18; 後輩の山崎に憧れてる芸人 ;アンタッチャブル山崎＆＜憧れる人＞＆TKO木下＆たむらけんじ;NA
2009-06-11; 泥の９７年デビュー組芸人 ;ガリットチュウ＆あべこうじ＆＆ハローバイバイ金成＆Ｂコース＆＆井上マー＆佐久間一行＆＆カリカ＆ニブンノゴ！＆＋最後に何と・・・;NA
2009-06-04; 吉本うらやましい芸人 </br><mark>AMETALK  羡慕吉本艺人 20090604</mark>;劇団ひとり＆おぎやはぎ＆＆バナナマン＆オードリー＆＆キングオブコメディ＆小島よしお＆＋憧れの吉本芸人も登場;<a href='/post/2017-10-16-090604-7782881'>LINK</a>
2009-05-28; おなかピーピー芸人 ;サバンナ高橋＆ケンドーコバヤシ＆＆安田大サーカスＨＩＲＯ＆＆アンガールス山根＆笑い飯･西田;NA
2009-05-21; チョコ＆スナック菓子芸人 ;ペナルティ･ヒデ＆土田晃之＆＆プラン9･なだき＆FUJIWARA藤本＆＆ダンディ坂野＆麒麟･田村＆＆ハイキングQ太郎＆出川哲朗;NA
2009-05-14; 愛方大好き芸人 </br><mark>AMETALK 超喜欢相方艺人 20090514</mark>;キャイ～ン＆おぎやはぎ＆オードリー＆＆ロザン＆ハイキングウォーキング;<a href='/post/2017-10-16-090514-4618695'>LINK</a>
2009-05-07; 夢トーーク ;ケンドーコバヤシ＆ロバート秋山＆＆関根勤＆チュートリアル徳井＆＆おぎやはぎ小木＆サバンナ高橋＆→テレビ界のタブーに挑戦＆夢の話だけで１時間!!;NA
2009-04-30; 持ち込み企画プレゼンＳＰ ;勝俣州和＆チュートリアル徳井＆＆有吉弘行＆ケンドーコバヤシ＆＆Ｕ字工事＆ペナルティ･ヒデ＆＆サバンナ高橋;NA
2009-04-23; 芸人ドラフト会議 ;;NA
2009-04-16; 滋賀芸人 ;世界のナベアツ＆宮川大輔＆＆ムーディ勝山＆野性爆弾＆ダイアン＆＋京都芸人も登場;NA
2009-04-09; ○○じゃない方芸人 </br><mark>AMETALK 陪衬艺人 20090409</mark>;ロンブー亮＆オードリー若林＆＆はんにゃ川島＆ナイツ土屋＆＆天津･向＆ザブングル松尾＆＆デンジャラス安田;<a href='/post/2017-10-16-090409-6346879'>LINK</a>
2009-04-02; 腰痛い芸人 ;ドランクドラゴン鈴木＆土田晃之＆＆世界のナベアツ＆千原せいじ＆＆ペナルティ･ヒデ＆庄司智春＆＆バッファロー木村＆出川哲朗;NA
2009-03-26; NOパソコン芸人 ;土田晃之＆ケンドーコバヤシ＆＆たむらけんじ＆バナナマン＆＋パソコン講師＆･･･劇団ひとり＆品川祐＆前田有紀;NA
2009-03-19; DVD発売記念SP ;土田晃之＆品川祐＆おぎやはぎ＆＆ケンドーコバヤシ＆山崎邦正;NA
2009-03-12; 大阪ＮＳＣ８期生 ;バッファロー吾郎＆なだき武＆＆＋実は同期芸人も登場;NA
2009-03-05; 今年が大事芸人 ;ジャリズム＆狩野英孝＆有吉弘行＆＆ＴＫＯ＆サンドウィッチマン;NA
2009-02-26; パチンコ芸人 ;宮川大輔＆青木さやか＆ケンドーコバヤシ＆＆ＴＫＯ木下＆ますだおかだ岡田＆＆ブラマヨ吉田;NA
2009-02-19; あぁ農業高校芸人 ;ウド鈴木＆松村邦洋＆ダイノジ大地＆＆前田健＆もう中学生;NA
2009-02-12; カレーライス芸人 ;ペナルティ･ヒデ＆関根勤＆宮川大輔＆＆チュートリアル徳井＆オリラジ藤森＆＆バッファロー木村＆ケンドーコバヤシ;NA
2009-01-29; サッカー日本代表応援芸人 ;土田晃之＆ペナルティ・ヒデ＆おぎやはぎ＆＆ＴＫＯ木本＆ライセンス井本＆＆どきどきキャンプ岸＆平畠啓史;NA
2009-01-22; 立ちトーーク３ ;品川祐＆おぎやはぎ＆＆ドランク鈴木＆ネプチューン堀内健＆＆ＦＵＪＩＷＡＲＡ＆バッファロー竹若＆＆宮川大輔＆フットボール後藤＆＋宮里藍ゲスト参戦;NA
2009-01-15; 中学の時イケてないグループ芸人・完全版 ;サバンナ高橋＆よゐこ濱口＆＆オリラジ中田＆ロバート＆麒麟･川島＆＆博多大吉＆笑い飯･西田＆オードリー春日＆＋イケてる女性 ＹＯＵ＆スザンヌ;NA
2008-12-30; 年末ゴールデンＳＰ ;"<font color=""#ff9c00"">（1）歳末･家電芸人祭り</font>＆関根勤＆細川茂樹＆劇団ひとり＆＆土田晃之＆チュートリアル徳井＆＆ペナルティ･ヒデ＆ＴＫＯ木本＆品川祐＆＋家電シロート オセロ松嶋＆優木まおみ＆＋大物芸能人も続々登場＆<font color=""#0000ff"">（2）中学イケてないグループ芸人</font>＆サバンナ高橋＆よゐこ濱口＆＆オリラジ中田＆ロバート＆麒麟･川島＆＆博多大吉＆笑い飯･西田＆オードリー春日＆＋イケてる女性 ＹＯＵ＆スザンヌ＆<font color=""#ff0000"">＆マル秘企画アリ!!</font>";NA
2008-12-25; ゴールデン直前ＳＰ ;これを観れば、ゴールデンが＆もっと楽しくなる直前予習ＳＰ!!＆過去の未公開映像も大放出!!＆業界激震のサプライズ告知あり!!;NA
2008-12-18; マチャミ･ファミリー ;久本雅美＆松村邦洋＆モンキッキー＆＆原口あきまさ＆タマ伸也（ポカスカジャン）＆＆馬場裕之（ロバート）;NA
2008-12-11; 第２回アメトーーク大賞 ;ケンドーコバヤシ＆バッファロー木村＆＆ワッキー＆FUJIWARA原西＆＆博多華丸・大吉＆サンドウィッチマン＆特別審査員･･･ベッキー;NA
2008-12-04; 黒沢ナイト ;黒沢かずこ＆藤井隆＆光浦靖子＆＆はるな愛＆村上知子＆矢作兼＆藤本敏史＆※ラジオ「べしゃりブリン」プレゼン企画＆「森三中･黒沢かずこの１時間」;NA
2008-11-27; サウナ芸人 ;山口智充＆博多華丸＆カンニング竹山＆＆サバンナ高橋＆山崎邦正;NA
2008-11-20; ガヤ芸人 ;バナナマン設楽＆アンタッチャブル;NA
2008-11-13; 釣り芸人 ;ロンドンブーツ田村亮＆＆ガレッジセール川田＆千原せいじ＆＆ドランクドラゴン鈴木;NA
2008-11-06; たいこ持ち芸人 </br><mark>081106 Ametalk 拿太鼓艺人（拍马屁艺人）</mark>;サバンナ高橋＆たむらけんじ＆＆ブラマヨ小杉＆小島よしお＆＆ミサイルマン西代＆団長安田＆＆アンバランス山本;<a href='/post/2019-06-09-081106-55099859'>LINK</a>
2008-10-30; 笑い飯と周辺の人たち ;笑い飯＆バッファロー吾郎＆＆ケンドーコバヤシ＆千鳥＆とろサーモン;NA
2008-10-23; ハンサム芸人 ;チュートリアル徳井＆ますだおかだ岡田＆＆シャンプーハット小出水＆＆フットボール後藤＆麒麟・川島＆＆ロザン菅＆ハイキング松田＆ライセンス;NA
2008-10-16; ベッキーすごいぞ芸人 ;関根勤＆宮川大輔＆カンニング竹山＆＆出川哲朗＆東貴博＆ヒデ＆小島よしお;NA
2008-10-09; 持ち込み企画プレゼンＳＰ ;関根勤＆ウド鈴木＆おぎやはぎ＆＆劇団ひとり＆有吉弘行＆ヒデ＆＆ロザン＆野性爆弾＆＋新垣結衣プレゼン緊急参戦!!;NA
2008-10-02; マセキ芸能社芸人 ;出川哲朗＆ドロンズ石本＆バカリズム＆＆狩野英孝＆アントキの猪木＆＆マギー審司＆パッション屋良＆ナイツ;NA
2008-09-25; ゴールデンＳＰ延長戦 ;(1)売れっ子オモロー祭り＆(2)スラムダンク芸人＆(3)華の昭和47年生まれ芸人＆(5)マル秘;NA
2008-09-18; ゴールデン３時間ＳＰ ;"<font color=""#ff0000"">（1）売れっ子オモロー祭り</font>＆世界のナベアツ＆狩野英孝＆スザンヌ＆＆misono＆鳥居みゆき＆小島よしお＆＆ＴＫＯ＆髭男爵＆クールポコ＆＋有吉のアダ名＆イジリー楽屋探訪も!!＆<font color=""#0000ff"">（2）スラムダンク芸人</font>＆石原さとみ＆ケンドーコバヤシ＆ペナ・ヒデ＆麒麟・田村＆前田有紀アナ＆アンガ山根＆＆品庄・庄司＆アンタッチャブル＆<font color=""#ff00ff"">（3）華の昭和47年生まれ芸人</font>＆土田晃之＆バナナマン日村＆青木さやか＆＆宮川大輔＆ケンドーコバヤシ＆＆アンジャッシュ児嶋＆スピワゴ井戸田＆＆アンバランス山本＆品庄・品川＆＆ペナ・ワッキー＆＋ヤングゲスト 谷村奈南＆さとう里香＆関根勤＆チュートリアル徳井＆劇団ひとり＆＆土田晃之＆ペナ・ヒデ＆ＴＫＯ木本＆＆品庄・品川＆＋家電シロート 千秋＆里田まい＆<font color=""#ff0000"">＆マル秘企画アリ!!</font>";NA
2008-09-11; ゴールデン直前ＳＰ ;これを観れば、ゴールデンが＆もっと楽しくなる直前予習ＳＰ!!＆過去の未公開映像も大放出!!;NA
2008-09-04; 中学の時イケてないグループ芸人 </br><mark>AMETALK 中学时代不受欢迎的艺人 20080904</mark>;サバンナ高橋＆兵動大樹＆ロバート＆＆麒麟･川島＆博多大吉＆笑い飯･西田;<a href='/post/2017-10-16-080904-5121767'>LINK</a>
2008-08-28; 立ちトーーク２ ;品川祐＆宮川大輔＆ロバート秋山＆＆カンニング竹山＆ おぎやはぎ矢作＆＆千原せいじ＆なだぎ武＆＆FUJIWARA原西＆サバンナ高橋＆;NA
2008-08-21; あぶら揚げ芸人 ;バッファロー吾郎＆ほっしゃん。＆＆ケンドーコバヤシ＆博多華丸＆＆サンドウィッチマン;NA
2008-08-14; 沖縄ロケ企画 ;ガレッジセールと真夏の沖縄ロケ＆台本なしのノープランな４人旅＆一体どうなる？（１時間持つの？）;NA
2008-08-07; 熟女芸人 ;ロバート秋山＆ウド鈴木＆上島竜兵＆＆天津・木村＆ナイツ塙＆ノッチ;NA
2008-07-31; 自転車芸人 ;浅草キッド＆ウエンツ瑛士＆＆オリラジ中田＆安田大サーカス団長＆＆チュートリアル福田＆小島よしお;NA
2008-07-24; 餃子の王将芸人 ;世界のナベアツ＆ケンドーコバヤシ＆＆山崎真実＆チュートリアル＆＆ガリットチュウ福島＆＆バナナマン＆ブラックマヨネーズ;NA
2008-07-10; レギュラーにしてもらえない芸人 ;出川哲朗＆小島よしお＆TKO＆;NA
2008-07-03; 肥後という男 ;デンジャラス＆インスタントジョンソンすぎ。＆＋サプライズ密着企画あり!!;NA
2008-06-26; 家電芸人（第二夜） ;ペナルティ・ヒデ＆関根勤＆土田晃之＆＆チュートリアル徳井＆劇団ひとり＆＆＋サプライズ家電ゲストあり!!;NA
2008-06-19; 家電芸人 ;ペナルティ・ヒデ＆関根勤＆土田晃之＆＆チュートリアル徳井＆劇団ひとり＆;NA
2008-06-12; キン肉マン芸人 ;ケンドーコバヤシ＆小池栄子＆＆よゐこ濱口＆スピワゴ小沢＆＆バッファロー吾郎;NA
2008-06-05; 地方冠番組芸人 ;ペナルティ＆おぎやはぎ＆平畠啓史＆＆有吉弘行＆アンジャッシュ＆＆博多華丸・大吉＆サンドウィッチマン;NA
2008-05-29; バンドブーム芸人 </br><mark>AMETALK 乐队热潮艺人 080529</mark>;土田晃之＆カンニング竹山＆＆ペナルティ･ヒデ＆バナナマン設楽＆＆まちゃまちゃ＆スピードワゴン小沢＆;<a href='/post/2019-07-25-080529-60690964'>LINK</a>
2008-05-22; サンミュージック芸人 ;カンニング竹山＆鳥居みゆき＆小島よしお＆ダンディ坂野＆どーよテル＆髭男爵;NA
2008-05-15; ゴルゴ13芸人 ;東野幸治＆ケンドーコバヤシ＆＆ペナルティ・ヒデ＆＆アンガールズ山根良顕＆＆チャド・マレーン;NA
2008-05-08; 新企画「立ち話（トーーク）」 ;アンタッチャブル山崎＆カンニング竹山＆＆ケンドーコバヤシ＆中川家＆おぎやはぎ＆＆メッセンジャー黒田＆兵動大樹＆＆サバンナ高橋;NA
2008-05-01; 松竹芸能芸人 ;よゐこ＆ＴＫＯ＆ますだおかだ＆＆安田大サーカス＆チョップリン;NA
2008-04-24; エヴァンゲリオン芸人 ;くりぃむしちゅー有田哲平＆＆オリエンタルラジオ中田敦彦＆＆加藤夏希＆世界のナベアツ＆＆アンガールズ山根良顕＆バッファロー吾郎;NA
2008-04-17; 緊急企画「哲朗の部屋」 ;出川哲朗の手術に密着!!＆超大物芸能人が、お見舞いに!!;NA
2008-04-10; ゴールデンＳＰ延長戦 ;なんと、その日のうちに＆ゴールデン完全版を放送!!＆深夜の視聴者の為だけの＆特別企画が全コーナーあり!!;NA
2008-04-10; ゴールデン２時間SP ;"<font color=""#ff0000"">ゴーーーールデン企画(1)</font>＆<font color=""#ff0000"">子供売れっ子芸人vs子供人気なし芸人</font>＆■子供売れっ子芸人・・・＆小島よしお＆エド・はるみ＆＆にしおかすみこ＆＆ムーディー勝山＆＆藤崎マーケット＆■子供人気なし芸人・・・＆<font color=""#ff00ff"">ゴーーーールデン企画(2)</font>＆<font color=""#ff00ff"">華の昭和47年組･19＆20歳編</font>＆■華の47年組・・・＆土田晃之＆バナナマン日村＆＆青木さやか＆ワッキー＆＆ケンドーコバヤシ＆＆アンジャッシュ児島＆＆スピードワゴン井戸田＆＆ダイノジ大地＆品川庄司・品川＆■ヤングゲスト・・・＆里田まい＆南明奈＆<font color=""#0000ff"">ゴーーーールデン企画(3)</font>＆<font color=""#0000ff"">徹子の部屋芸人</font>＆■出演して惨敗芸人・・・＆ガレッジセール＆おぎやはぎ＆＆友近＆チュートリアル＆＆次長課長＆麒麟＆インパルス＆■今度出演する芸人・・・＆小島よしお＆サンドウィッチマン";NA
2008-04-03; ゴールデン直前ＳＰ ;これを観れば、ゴールデンが＆もっと楽しくなる直前予習ＳＰ!!＆過去の未公開映像も大放出!!;NA
2008-03-27; 持ち込み企画プレゼンＳＰ ;品川庄司＆チュートリアル徳井＆＆ペナルティ・ヒデ＆有吉弘行＆＆ケンドーコバヤシ＆＆フットボールアワー岩尾＆＆矢野・兵動＆サバンナ高橋;NA
2008-03-20; 昭和アニメソング芸人 ;ケンドーコバヤシ＆中川翔子＆＆千原せいじ＆ペナルティ・ヒデ＆＆バッファロー吾郎;NA
2008-03-13; 年間流行語大賞＆大反省会 ;関根勤＆カンニング竹山＆＆ケンドーコバヤシ＆イジリー岡田＆＆有吉弘行＆ペナルティ;NA
2008-03-06; M-2芸人 ;ジャリズム＆矢野・兵動＆土肥ポン太＆＆アンバランス＆ＴＫＯ;NA
2008-02-28; ハワイ芸人 ;ハワイ芸人＆・・・おぎやはぎ＆アンジャッシュ児嶋＆＆サバンナ八木＆ずん飯尾＆ハワイ芸人ジュニア＆・・・バナナマン設楽＆＆アンタッチャブル山崎＆品庄・庄司;NA
2008-02-21; 大阪うまいもんロケ ;ＴＫＯ＆たむらけんじ＆中川家＆＆サバンナ＆メッセンジャー＆;NA
2008-02-14; 出川ナイト第２夜 ;ウド鈴木＆千秋＆＆カンニング竹山＆土田晃之;NA
2008-02-07; 出川ナイト第１夜 ;ウド鈴木＆千秋＆＆カンニング竹山＆土田晃之;NA
2008-01-31; 方向性迷ってる芸人 ;有吉弘行＆カンニング竹山＆＆インリン＆小島よしお＆ダンディ坂野＆＆アンバランス山本＆ペナルティ・ワッキー;NA
2008-01-24; 男はつらいよ芸人 ;劇団ひとり＆玉袋筋太郎＆＆清水ミチコ＆上島竜兵＆＆博多華丸＆ペナルティ・ヒデ;NA
2008-01-17; ガレッジセール ;あのスゴ技をスタジオで披露!!＆若き日の恥ずかしＶＴＲ公開!!＆更に沖縄（ｳﾁﾅｰ）芸人が集合!!;NA
2008-01-10; ホリケン＆ほっとけない芸人 ;ネプチューン堀内健＆＆レッド吉田＆ビビる大木;NA
2007-12-20; Ｍ-1グランプリ芸人 ;中川家＆アンタッチャブル＆＆ブラックマヨネーズ＆＆スピードワゴン＆笑い飯;NA
2007-12-13; 左利き芸人 ;石井一久＆ケンドーコバヤシ＆＆安めぐみ＆バナナマン日村＆＆野性爆弾ロッシー＆ニブンノゴ森本＆＆レイザーラモンＨＧ;NA
2007-12-06; つんく♂ファミリー芸人 ;つんく♂＆ほっしゃん。＆博多華丸＆＆原口あきまさ＆カラテカ＆＆山本栄治（アンバランス）＆若井おさむ＆+未来のつんく♂ファミリー芸人;NA
2007-11-29; 六本木ホテル・アイビス芸人 ;ブラックマヨネーズ＆メッセンジャー黒田＆＆ケンドーコバヤシ＆チュートリアル福田＆＆笑い飯＆サバンナ＆麒麟・田村裕;NA
2007-11-22; 「ミッドナイトイーグル」芸人 ;大沢たかお＆+各界の著名人たちが映画を応援に!!;NA
2007-11-15; Ｎ７００系芸人 ;浅草キッド＆ガダルカナル･タカ＆＆ブラックマヨネーズ＆ケンドーコバヤシ;NA
2007-11-08; トップレス芸人 ;上島竜兵＆小島よしお＆たむらけんじ＆＆大西ライオン＆庄司智春＆＆なかやまきんに君＆＋期待の「トップレスJr.」も登場!!;NA
2007-11-01; 芝田山親方＆スイーツ芸人 ;芝田山親方（元横綱・大乃国）＆関根勤＆＆ほっしゃん。＆チュートリアル徳井＆＆おぎやはぎ小木＆バッドボーイズ佐田＆＆ザたっち・たくや＆出川哲朗;NA
2007-10-25; 秋のモノマネ祭り ;松村邦洋コージー冨田＆イジリー岡田＆＆神奈月＆原口あきまさ＆ホリ＆＋期待の超新星3組「モノマネJr.」＆＋まさかのご本人登場あり!!;NA
2007-10-18; 持ち込み企画プレゼンＳＰ ;麒麟・田村＆ブラマヨ小杉＆土田晃之＆＆ＴＫＯ＆サバンナ＆ペナルティ・ヒデ＆＆よゐこ有野＆ＣＯＷＣＯＷ＆＆ケンドーコバヤシ;NA
2007-10-11; 先輩・後輩ハッキリさせようＳＰ ;有吉弘行＆アンタッチャブル＆おぎやはぎ＆＆カンニング竹山＆品川祐＆スピードワゴン＆＆土田晃之＆にしおかすみこ＆バナナマン＆＆ペナルティ・ワッキー（50音順）＆＋第3者の判定人・・・若槻千夏;NA
2007-10-04; 昭和プロレス芸人 ;有田哲平＆ケンドーコバヤシ＆＆ますだおかだ＆ビビる大木＆＆博多大吉＆ハチミツ二郎;NA
2007-09-27; ゴールデンＳＰ延長戦 ;ドラえもん芸人・ドラゴンボール芸人＆華の４７年芸人・Ｊ（Ｓ）Ｗ復活ＬＩＶＥ＆この芸人がスゴイ!!;NA
2007-09-20; アメトーーーーーーク!ゴールデン３時間SP ;"<font color=""#0000ff"">（1）ドラえもん芸人</font>＆千原兄弟＆千秋＆ペナルティ・ヒデ＆＆麒麟･川島＆ハロバイ関＆ドラえもん＆（現実派ゲスト）杉田かおる＆磯野貴理＆<font color=""#ff0000"">（2）ドラゴンボール芸人 </font>＆和田アキ子＆眞鍋かをり＆ウエンツ瑛士＆＆次長課長･井上＆インパルス板倉＆バッファロー竹若＆土田晃之＆<font color=""#ff00ff"">（3）華の昭和47年生まれ芸人</font>＆土田晃之＆バナナマン日村＆宮川大輔＆＆青木さやか＆ケンドーコバヤシ＆＆アンジャッシュ＆スピワゴ井戸田＆＆ダイノジ大地＆品川祐＆（ヤングゲスト）小倉優子＆スザンヌ＆（ＳＰゲスト）ジュンスカイウォーカーズ＆<font color=""#efc631"">（4）この芸人がスゴイ</font>＆小島よしお＆アンガールズ＆ルー大柴＆＆ハリセンボン＆バナナマン設楽＆＆小木博之＆ケンドーコバヤシ＆江頭2:50＆＆イジリー岡田＆ＭＥＧＵＭＩ＆矢口真里＆山本モナ";NA
2007-09-13; ゴールデン直前ＳＰ ;これを観れば、ゴールデンが＆もっと楽しくなる直前予習ＳＰ!!＆過去の名作シーンを大放出!!;NA
2007-09-06; 小木憧れ芸人 ;おぎやはぎ＆バナナマン日村＆＆アンジャッシュ児嶋＆アンガールズ;NA
2007-08-30; 村上ショージファミリー ;村上ショージ＆博多華丸大吉＆中川家＆＆次長課長＆ダイノジ大地＆カラテカ入江;NA
2007-08-23; 夏の売れっ子SP ;ジャガー横田夫妻＆夏川純＆＆チュートリアル＆ムーディ勝山＆＆時東ぁみ＆品川庄司＆＆ケンドーコバヤシ＆+イジリー岡田の楽屋探訪!!;NA
2007-08-16; 浅草キッド ;+先輩・東国原知事も応援!!＆+ケンコバ＆徳井も参戦!!＆+キッドの企画プレゼンあり!!;NA
2007-08-09; 料理芸人 ;ほっしゃん。＆メッセンジャー黒田＆＆ペナルティ・ヒデ＆まちゃまちゃ＆＆チュートリアル福田＆森三中・村上＆三瓶;NA
2007-08-02; ジョジョの奇妙な芸人 ;"ケンドーコバヤシ&amp;オリラジ中田&amp;中川翔子&amp;＆バナナマン設楽&amp;南キャンしずちゃん&amp;＆スピワゴ小沢&amp;バッファロー吾郎&amp;野性爆弾";NA
2007-07-26; ブッチャーブラザーズの子供たち ;カンニング竹山＆伊集院光＆土田晃之＆＆アンタッチャブル＆ダンディ坂野＆＆アンジャッシュ;NA
2007-07-12; プロ野球芸人 ;(中日)スピワゴ小沢 (阪神)千秋＆(ヤクルト)出川哲朗 (巨人)レッド吉田＆(広島)アンガ山根　　(横浜)ジョーダンズ山崎＆(西武)キンコメ今野 (ソフトバンク)カンニング竹山＆(ロッテ)リットン藤原 (オリックス)ますおか岡田＆(楽天)ずん飯尾;NA
2007-07-05; おばあちゃん子芸人 ;千原ジュニア＆宮川大輔＆＆タカ＆ブラマヨ吉田＆サバンナ八木＆＆プラン９・ヤナギブソン＆麒麟・川島;NA
2007-06-28; ブログ芸人 ;品川祐＆バナナマン日村＆＆宮川大輔＆ケンドーコバヤシ＆＆有吉弘行＆あべこうじ＆ダイノジ大地;NA
2007-06-21; 五反田芸人 ;ペナルティ・ヒデ＆関根勤＆＆安田大サーカスＨＩＲＯ＆＆ロバート馬場＆麒麟・川島;NA
2007-06-14; この11名は○○芸人？ ;アンタッチャブル＆中川家＆出川哲朗＆＆アンジャッシュ＆カンニング竹山＆＆ダンディ坂野＆平畠啓史＆大久保佳代子;NA
2007-06-07; 昭和47年生まれ芸人 ;"第２弾は、中高時代の想い出トーク!!＆土田晃之&amp;バナナマン日村&amp;アンジャッシュ＆&amp;ペナルティ・ワッキー&amp;品川祐＆&amp;スピードワゴン井戸田&amp;ダイノジおおち＆＋懐かしのSPゲストあり";NA
2007-05-31; 竜兵会vs出川ファミリー ;安田和博＆有吉弘行＆カンニング竹山＆＜出川ファミリー＞＆出川哲朗＆よゐこ＆ウド鈴木＆千秋;NA
2007-05-24; 劇団ひとり＆おぎやはぎ＆バナナマン ;自宅気分でヘリクツ三昧;NA
2007-05-17; 持ち込み企画プレゼンＳＰ ;バナナマン・カンニング竹山・宮川大輔＆品川祐・メッセンジャー黒田・出川哲朗＆ペナルティ・ケンドーコバヤシ＆水玉れっぷう隊;NA
2007-05-10; リアディゾン好き芸人 ;関根勤＆よゐこ＆バナナマン＆＆山ちゃん（南海キャンディーズ）＆＆クロちゃん（安田大サーカス）;NA
2007-05-03; 雨上がりファミリー ;千原兄弟＆ほっしゃん。＆宮川大輔＆＆バッファロー吾郎＆ケンドーコバヤシ＆＆たむらけんじ;NA
2007-04-26; BOΦWY芸人vs尾崎豊芸人 ;…品川祐＆カンニング竹山＆ペナルティ＆＆設楽統＆渡部健＆原口あきまさ＆はなわ＆…日村勇紀＆井上マー＆松本康太;NA
2007-04-19; ドラえもん芸人 ;＋ドラえもんからメッセージあり!!＆＋クイズ「道具・イントロ・ドン」;NA
2007-04-12; 女芸人会 ;山田花子＆オアシズ＆だいたひかる＆北陽＆森三中＆ハリセンボン＆＋驚異の新人、柳原可奈子も登場!!!!;NA
2007-04-05; 蔵出し未公開SP ;こんなコトまでやってました!!＆秘蔵の爆笑トークを大放出!!＆更に、雨上がりOPトーク集も!!;NA
2007-03-29; 15分拡大ＳＰ「この芸人がスゴイ!!」 ;総勢16組の芸人がテレビでは＆なかなか見せないスゴ技を大披露!!;NA
2007-03-22; 大阪売れっ子芸人 ;メッセンジャー＆ケンドーコバヤシ＆＆たむらけんじ＆シャンプーハット＆＆ブラックマヨネーズ＆チュートリアル＆＆とろサーモン;NA
2007-03-15; BBS反響ランキングSP ;名作シーンを一挙大放出!!＆この１年間で、BBSの反響の多かった回を振り返ります!!;NA
2007-03-08;採用企画２本立て （1）サラサラおかっぱ芸人（2）ワンポイント出演芸人;"<font color=""#ff00ff"">（1）サラサラおかっぱ芸人</font>＆日村勇紀＆ワッキー＆ふかわりょう＆<font color=""#ff00ff"">（2）ワンポイント出演芸人</font>＆大久保佳代子＆春一番＆ダンディ坂野＆＆テル＆エスパー伊東＆ゆうたろう";NA
2007-03-01; 四季の会 ;関根勤＆清水ミチコ;NA
2007-02-22; グラビア“芸人” ;ほしのあき＆熊田曜子＆安田美沙子＆＆森下千里＆夏川純＆インリン＆＋大物グラビア新人登場＆＋恒例！イジリー岡田の楽屋探訪;NA
2007-02-15; デブ芸人 ;石塚英彦＆内山信二＆ドロンズ石本＆＆ＨＩＲＯ（安田大サーカス）＆＋デブ会長（ウガンダ）＆＋ヤセ代表（アンガールズ）＆＋料理評論家、レポーターと激論あり;NA
2007-02-08; 昭和47年生まれ芸人 ;土田晃之＆バナナマン日村＆アンジャッシュ＆＆ペナルティ・ワッキー＆品川祐＆＆スピードワゴン井戸田＆ダイノジおおち＆＋昭和57年生まれ（堀越のり＆熊田曜子）＆＋懐かしのSPゲストあり;NA
2007-02-01; ビンボー芸人vsお金持ち芸人 </br><mark>AMETALK 老家贫穷艺人 第一弹 070201</mark>;ビンボー芸人…黒田有＆中川家＆小沢一敬＆お金持ち芸人…東貴博＆井戸田潤＆中山功太;<a href='/post/2019-04-01-070201-47938042'>LINK</a>
2007-01-25; ガンダム芸人vs越中詩郎芸人 ;プレゼン大会プレーオフ開催!!＆●ガンダム芸人…土田晃之＆千原靖史＆＆濱口優＆品川祐＆若井おさむ＆●越中詩郎芸人…ケンドーコバヤシ＆＆博多大吉＆バッファロー吾郎;NA
2007-01-18; モノマネ６人衆 ;松村邦洋＆コージー冨田＆イジリー岡田＆＆神奈月＆原口あきまさ＆ホリ＆＋2007年の超新星3組「モノマネJr.」＆＋まさかのご本人登場あり!!;NA
2007-01-11; チーム浅井企画 ;関根勤＆ルー大柴＆天野ひろゆき＆＆モンキッキー＆ずん＆関根麻里;NA
2007-01-04; 特番「ミドル３」 ;さまぁ～ず＆雨上がり決死隊＆くりぃむしちゅー＆３組の中堅ユニットが復活!!;NA
2006-12-21; 売れっ子クリスマスSP ;青木さやか・青田典子・おぎやはぎ＆スピードワゴン・タカアンドトシ・ほっしゃん。＆MEGUMI・安めぐみ　（50音順）;NA
2006-12-14; 高田純次と絡みやすい仲間!! ;＆モンキッキー＆ＴＩＭ;NA
2006-12-07; 持ち込み企画プレゼンＳＰ ;品川庄司・バナナマン・中川家＆笑い飯・土田晃之・児嶋一哉＆大久保佳代子・ペナルティ＆ケンドーコバヤシ;NA
2006-11-30; アン芸人 ;アンタッチャブル＆アンガールズ＆アンジャッシュ;NA
2006-11-23; 氷点メンバー ;石原さとみ＆仲村トオル;NA
2006-11-16; ザ・たっち ;なんと、ザ・たっちで１時間!!＆マル秘バックアップ要員あり!!;NA
2006-11-09; ガンダム芸人 ;＋ガンダムに縁のある方々;NA
2006-11-02; メガネ芸人 ;笑福亭笑瓶＆光浦靖子＆おぎやはぎ＆＆カンニング竹山＆ドランクドラゴン鈴木＆＆南キャン山ちゃん＆ハリセンボン近藤＆＋時東ぁみ、大御所メガネＢＩＧ３;NA
2006-10-26; 元コンビ芸人 ;土田晃之＆モンキッキー＆ほっしゃん。＆＆ドロンズ大島＆原口あきまさ＆猿岩石・ドロンズがなんと１夜限りの復活!!;NA
2006-10-19; 歌うま芸人 ;品川祐＆カンニング竹山＆＆ペナルティ＆レギュラー松本＆＆タカアンドトシ;NA
2006-10-12; 東野ゴルフ部 ;アメトーーク昇格＆拡大ＳＰ第１弾は、＆東野ゴルフ部が登場!!;NA
