"","V1","n"
"1","伦敦之心.md",68
"2","岛田绅助.md",36
"3","漫才.md",34
"4","德井义实.md",28
"5","奥黛丽.md",24
"6","绝对不准笑系列.md",24
"7","M1大赛.md",22
"8","Non-Style.md",22
"9","东方收音机.md",22
"10","剧团一人.md",22
"11","Tutorial.md",20
"12","短剧之王大赛.md",20
"13","神舌.md",18
"14","_Sidebar.md",16
"15","东野幸治.md",16
"16","Engei-Grand-Slam.md",10
"17","Speed-Wagon.md",10
"18","不可接触.md",10
"19","福田充德.md",10
"20","足球时间.md",8
"21","明石家秋刀鱼.md",6
"22","黑色美乃滋.md",6
"23","Engei.md",4
"24","花子.md",4
"25","霜降明星.md",4
"26","Ametalk.md",2
"27","Downtown.md",2
"28","Home.md",2
"29","吉本兴业.md",2
"30","后藤辉基.md",2
